,segments,length,std
Abras_virus,3.0,4250.333333333333,2408.2399289845594
Abu_Hammad_virus,3.0,6198.666666666667,4351.927414631616
Abu_Mina_virus,3.0,6138.666666666667,4433.832829004219
Abutilon_Brazil_virus,2.0,2635.5,17.5
Abutilon_golden_mosaic_Yucatan_virus,1.0,2629.0,0.0
Acara_virus,3.0,4170.333333333333,2411.329693113094
Actinidia_chlorotic_ringspot-associated_virus,5.0,2829.2,2132.524457069602
Actinovirus_bernense,3.0,4203.666666666667,1631.9298051352848
Adana_virus,3.0,4129.666666666667,1899.6535356626364
Aedes_camptorhynchus_reo-like_virus,4.0,3502.25,682.6186252220195
Aeonium_ringspot_virus,2.0,5779.5,1769.5
Aeropyrum_pernix_bacilliform_virus_1,1.0,5278.0,0.0
African_cassava_mosaic_Burkina_Faso_virus,2.0,2753.5,16.5
Ageratum_latent_virus_1998,3.0,2859.0,513.2504262053759
Ageratum_yellow_vein_China_alphasatellite,1.0,1365.0,0.0
Ageratum_yellow_vein_China_virus_-_[Hn2],1.0,2768.0,0.0
Ageratum_yellow_vein_Hualian_virus,2.0,2754.5,1.5
Ageratum_yellow_vein_Sri_Lanka_virus,1.0,2748.0,0.0
Ageratum_yellow_vein_virus,3.0,2753.0,11.224972160321824
Aguacate_virus,3.0,4136.0,1863.1591451081144
Aino_virus,3.0,4045.0,2511.7631257744033
Akabane_virus,3.0,4011.6666666666665,2462.563749879833
Alajuela_virus,3.0,4388.666666666667,2407.7370196006777
Alcube_virus,3.0,4109.0,1897.5283924094522
Alenquer_virus,3.0,4151.666666666667,1907.6611043078087
Alfamovirus_AMV,3.0,2758.0,666.3487575336707
Allamanda_leaf_mottle_distortion_virus,2.0,2731.0,41.0
Alphachrysovirus_cerasi,4.0,2964.5,335.57301738965845
Alstroemeria_necrotic_streak_virus,3.0,5569.333333333333,2360.918230030191
Alstroemeria_yellow_spot_virus,3.0,5465.333333333333,2547.193531887377
Alternaria_alternata_chrysovirus_1,5.0,2579.4,931.1972078995941
Alternaria_alternata_virus_1,4.0,2589.25,768.9666361422971
Alxa_virus,2.0,5296.0,1955.0
Amapari_virus,2.0,5193.5,1852.5
Ambe_virus,3.0,4213.0,1859.4549380575659
American_dog_tick_virus,2.0,4207.5,2392.5
American_grass_carp_reovirus,11.0,2143.2727272727275,1148.5863319678983
Anadyr_virus,3.0,4075.6666666666665,2434.175333774368
Ananindeua_virus,3.0,4251.0,2454.346892080797
Andean_potato_mottle_virus,3.0,4492.0,1093.8893911177674
Anemone_nepovirus_A,2.0,7267.0,413.0
Anhanga_virus,3.0,4189.333333333333,1964.5093252231939
Anhembi_virus,3.0,4203.666666666667,2443.000932368949
Anjozorobe_virus,3.0,3970.0,1934.650356007514
Anopheles_A_virus,3.0,4069.0,2412.852254076076
Anopheles_B_virus,4.0,3355.5,2521.5084275092163
Anopheles_triannulatus_orthophasmavirus,3.0,3603.0,2045.5224271564466
Anopheline-associated_C_virus,2.0,2778.5,820.5
Anthurium_mosaic-associated_virus,3.0,3414.0,127.21635115031401
Anulavirus_ALMMV,3.0,2735.3333333333335,306.79236554313985
Apeu_virus,3.0,4183.666666666667,2402.2839595314754
Aphalara_polygoni_bunya-like_virus,3.0,3017.3333333333335,2382.1538340100724
Aphis_citricidus_bunyavirus,3.0,3887.3333333333335,2416.8368215959927
Apore_virus,2.0,5308.5,1908.5
Apple_latent_spherical_virus,2.0,5098.0,1714.0
Apple_necrotic_mosaic_virus,3.0,2700.3333333333335,582.4398872177472
Apple_rubbery_wood_virus_1,3.0,3378.3333333333335,2718.70868040121
Apple_rubbery_wood_virus_2,5.0,2664.0,2340.3204908729917
Aquareovirus_ctenopharyngodontis,11.0,2154.181818181818,1139.9868275301028
Arabidopsis_halleri_partitivirus_1,2.0,1861.0,98.0
Arabidopsis_latent_virus-1,2.0,4776.5,1176.5
Arabis_mosaic_virus,2.0,5577.0,1757.0
Arceuthobium_sichuanense_virus_1,5.0,2688.2,2246.724851867714
Arenaviridae_sp,2.0,5279.5,1869.5
Arhar_cryptic_virus-I,3.0,1546.0,121.13078331566533
Arrabida_virus,3.0,4143.0,1858.344962594405
Arracacha_virus_A,2.0,5608.5,1778.5
Arracacha_virus_B,4.0,5318.5,1931.2336083446767
Artichoke_Italian_latent_virus,2.0,5984.0,1354.0
Arumowot_virus,6.0,4087.3333333333335,1868.9607331943125
Asama_virus,2.0,2657.0,947.0
Asparagus_virus_2,3.0,2884.6666666666665,459.4056546839139
Aspergillus_foetidus_dsRNA_mycovirus,4.0,2713.75,577.6644246446201
Aspergillus_fumigatus_partitivirus_2,2.0,1730.0,92.0
Aspergillus_fumigatus_polymycovirus_1,8.0,1904.25,483.0863665018917
Aspergillus_fumigatus_tetramycovirus_1,4.0,1934.25,488.7398975938019
Aspergillus_ochraceous_virus,3.0,1509.6666666666667,220.34871353279001
Aspergillus_spelaeus_tetramycovirus_1,4.0,1941.25,456.1443713343397
Asystasia_mosaic_Madagascar_virus,2.0,2702.0,36.0
Athtab_bunya-like_virus,2.0,5202.5,1665.5
Atkinsonella_hypoxylon_virus,2.0,2157.5,22.5
Atrato_Chu-like_virus_5,1.0,13163.0,0.0
Avalon_virus,3.0,5968.333333333333,4296.2167336183375
Avian_orthoreovirus,20.0,2354.35,1078.3999849313798
Baakal_virus,3.0,4350.0,2393.52139465405
Baboon_orthoreovirus,10.0,2243.5,1124.1380030939263
Bakau_virus,3.0,4297.0,2536.258661887624
Balagodu_virus,3.0,4185.666666666667,2462.6671629669236
Banana_bunchy_top_virus,6.0,1066.0,30.28751117760146
Banana_virus_X,1.0,2917.0,0.0
Bandia_virus,3.0,6409.666666666667,4252.933915415203
Banna_virus_strain_JKT-6423,12.0,1723.5,891.5972091327639
Barfin_flounder_nervous_necrosis_virus,2.0,2267.0,834.0
Barley_mild_mosaic_virus,2.0,5393.0,1869.0
Barley_stripe_mosaic_virus,3.0,3407.0,260.3164740593009
Barley_yellow_mosaic_virus,2.0,5609.5,2027.5
Bat_rotavirus,11.0,1603.3636363636363,894.3690790645531
Batai_virus,3.0,4090.0,2432.4873415223906
Batama_virus,4.0,3367.25,2511.3543532325343
Bean_bushy_stunt_virus,2.0,2547.0,25.0
Bean_calico_mosaic_virus,2.0,2587.5,15.5
Bean_chlorosis_virus,2.0,2639.5,7.5
Bean_chlorotic_mosaic_virus,1.0,2566.0,0.0
Bean_dwarf_mosaic_virus,2.0,2595.5,19.5
Bean_golden_mosaic_virus,2.0,2598.5,18.5
Bean_golden_yellow_mosaic_virus-[Dominican_Republic],2.0,2627.5,19.5
Bean_golden_yellow_mosaic_virus,4.0,2621.75,26.52710877574109
Bean_latent_virus,2.0,2589.5,23.5
Bean_leaf_crumple_virus,2.0,2568.0,30.0
Bean_necrotic_mosaic_virus,3.0,5503.333333333333,2671.555019501231
Bean_pod_mottle_virus,2.0,4828.5,1166.5
Bean_rugose_mosaic_virus,2.0,4776.5,1132.5
Bean_white_chlorosis_mosaic_virus,1.0,2597.0,0.0
Bean_yellow_disorder_virus,2.0,8747.5,217.5
Bean_yellow_mosaic_Mexico_virus,1.0,2641.0,0.0
Beauveria_bassiana_polymycovirus_1,4.0,1994.75,402.3321855134138
Beet_cryptic_virus_1,2.0,1895.5,112.5
Beet_cryptic_virus_2,3.0,1565.0,31.822423959633664
Beet_necrotic_yellow_vein_virus,5.0,3182.8,2151.093619534027
Beet_pseudoyellows_virus,2.0,7954.5,51.5
Beet_ringspot_virus,2.0,6012.0,1350.0
Beet_soil-borne_virus,3.0,4097.666666666667,1241.3810409736766
Beet_virus_Q,3.0,3815.0,1555.0717025269284
Begomovirus_abutilonbrazilense,2.0,2641.0,8.0
Begomovirus_allamandae,1.0,2755.0,0.0
Begomovirus_alternantherae,1.0,2745.0,0.0
Begomovirus_bauri,2.0,2608.5,23.5
Begomovirus_catharticae,2.0,2731.0,41.0
Begomovirus_jeskei,2.0,2699.5,17.5
Begomovirus_manihotis,2.0,2751.5,27.5
Beihai_barnacle_virus_11,2.0,2245.0,841.0
Beihai_barnacle_virus_12,2.0,1638.5,58.5
Beihai_barnacle_virus_13,2.0,1480.0,13.0
Beihai_horseshoe_crab_virus_1,2.0,2581.5,925.5
Beihai_mantis_shrimp_virus_6,2.0,2326.5,882.5
Beihai_noda-like_virus_11,2.0,2184.5,920.5
Beihai_partiti-like_virus_2,2.0,1633.0,31.0
Beihai_picobirna-like_virus_7,2.0,1798.5,234.5
Beihai_picobirna-like_virus_8,2.0,1729.0,195.0
Beihai_sesarmid_crab_virus_3,2.0,4089.0,2769.0
Beihai_sesarmid_crab_virus_4,2.0,3690.0,1930.0
Beihai_shrimp_virus_3,3.0,6271.333333333333,3325.7961786949936
Beihai_shrimp_virus_5,2.0,2715.5,1170.5
Beihai_shrimp_virus_6,2.0,2266.0,638.0
Beihai_sphaeromadae_virus_3,2.0,2239.0,834.0
Belem_virus,3.0,4255.0,2247.0337484485335
Bellavista_virus,3.0,4225.0,2330.9598881147654
Benfica_virus,3.0,4269.666666666667,2483.5601238723593
Berne_virus,2.0,2818.0,2019.0
Bertioga_virus,3.0,4361.666666666667,2368.34532016671
Betachrysovirus_aspergilli,4.0,2887.75,415.2338949315193
Bhanja_virus,3.0,3837.0,1859.7555394907865
Bhendi_yellow_vein_Bhubhaneswar_virus,1.0,2757.0,0.0
Bhendi_yellow_vein_Delhi_virus_[2004:New_Delhi],1.0,2751.0,0.0
Bhendi_yellow_vein_Haryana_virus_[2003:Karnal],1.0,2740.0,0.0
Bhendi_yellow_vein_India_virus_[India:Dharwad_OYDWR2:2006],1.0,2739.0,0.0
Bimiti_virus,3.0,4034.0,2457.1773779413375
Bipolaris_maydis_botybirnavirus_1,2.0,6211.0,224.0
Bipolaris_maydis_partitivirus_1,2.0,1860.0,70.0
Bipolaris_maydis_partitivirus_2,3.0,2198.3333333333335,70.11577727032784
Birao_virus,3.0,4093.0,2439.1245697312524
Bitter_gourd_yellow_mosaic_virus,2.0,2737.0,22.0
Bitter_gourd_yellow_vein_virus,2.0,2726.5,10.5
Bitu_virus,2.0,5280.5,1906.5
Black_beetle_virus,2.0,2252.5,853.5
Black_currant_leaf_chlorosis_associated_virus,2.0,3813.5,1535.5
Black_grass_cryptic_virus_2,2.0,1996.5,40.5
Black_grass_varicosavirus-like_virus,2.0,5279.0,1273.0
Black_medic_leaf_roll_virus,8.0,1011.375,6.183395103015818
Black_raspberry_necrosis_virus,2.0,6972.5,608.5
Blackberry_chlorotic_ringspot_virus,3.0,2882.3333333333335,485.0046964262878
Blackberry_yellow_vein-associated_virus,2.0,7858.0,58.0
Blackcurrant_reversion_virus,2.0,7058.0,653.0
Blacklegged_tick_phlebovirus_1,2.0,4600.5,2132.5
Blacklegged_tick_phlebovirus_3,2.0,4054.0,2650.0
Blainvillea_yellow_spot_virus,2.0,2650.0,16.0
Blechum_interveinal_chlorosis_virus,2.0,2642.5,2.5
Blotched_snakehead_virus,2.0,3089.5,339.5
Blueberry_latent_spherical_virus,2.0,7152.0,808.0
Blueberry_leaf_mottle_virus,3.0,5422.0,1904.912246447764
Blueberry_mosaic_associated_virus,3.0,3822.3333333333335,2931.662137574671
Blueberry_necrotic_ring_blotch_virus,4.0,3538.25,1577.8251447799912
Blueberry_shock_virus,3.0,2663.0,539.7412960545697
Bluetongue_virus,10.0,1917.6,954.4796697677746
Bobaya_virus,3.0,4178.666666666667,2409.9095879767406
Boerhavia_yellow_spot_virus,1.0,2621.0,0.0
Bogoria_virus,3.0,4104.666666666667,1900.930006309777
Bombyx_mori_densovirus_3,2.0,6282.5,260.5
Bombyx_mori_densovirus_Zhenjiang,2.0,6283.5,259.5
Boolarra_virus,2.0,2200.5,895.5
Boraceia_virus,3.0,4118.333333333333,2422.1321644828186
Botambi_virus,3.0,4226.666666666667,2409.1307330422915
Botryosphaeria_dothidea_chrysovirus_1,8.0,2887.375,416.7822985384576
Botryotinia_fuckeliana_partitivirus_1,3.0,1580.6666666666667,167.7027794111422
Botrytis_porri_botybirnavirus_1,2.0,6047.0,168.0
Bourbon_virus,6.0,1760.0,475.3332164562736
Bowe_virus,3.0,3959.6666666666665,1984.3966897327314
Bozo_virus,3.0,4079.3333333333335,2425.1678063360664
Bracoviriform_congregatae,30.0,18922.333333333332,8283.7690026273
Bracoviriform_demolitoris,15.0,12348.066666666668,7143.314379816199
Bracoviriform_inaniti,18.0,8985.722222222223,8575.831367573743
Bracoviriform_nigricipitis,2.0,540.0,73.0
Brassica_campestris_chinensis_coguvirus_1,2.0,4909.0,1848.0
Brassica_campestris_chrysovirus_1,3.0,3514.3333333333335,128.79268440231982
Brazoran_virus,3.0,4414.0,2145.817482142101
Brno_virus,3.0,3703.0,2118.082623506458
Broad_bean_mottle_virus,3.0,2750.0,354.83047595530275
Broad_bean_necrosis_virus,3.0,3616.0,1413.0442314379263
Broad_bean_stain_virus,2.0,1877.0,1601.0
Broad_bean_true_mosaic_virus,2.0,4800.0,1268.0
Broad_bean_wilt_virus_1,2.0,4631.5,1185.5
Broad_bean_wilt_virus_2,2.0,4779.0,1172.0
Brome_mosaic_virus,3.0,2736.6666666666665,467.3573460307315
Broome_reovirus,10.0,2272.7,1153.9622220852814
Browner_virus,2.0,4370.5,2725.5
Bruconha_virus,3.0,4241.666666666667,2458.1299576891556
Bruges_virus,3.0,4002.6666666666665,1939.3765894110293
Buenaventura_virus,3.0,4224.666666666667,1909.6851980249405
Buffalo_Creek_virus,3.0,4062.0,2454.810379642387
Bujaru_virus,3.0,4425.333333333333,1866.8664178837817
Bunyamwera_virus,3.0,4098.0,2427.762893419921
Burana_virus,3.0,5809.0,4442.299629696313
Burdock_mottle_virus,2.0,5676.5,1361.5
Bush_viper_reovirus,3.0,1540.6666666666667,417.70031787820744
Bushbush_virus,3.0,4174.0,2380.4076681666666
Buttonwillow_virus,3.0,4103.333333333333,2442.394226073169
CAS_virus,2.0,5090.0,1722.0
Cabbage_leaf_curl_Jamaica_virus,2.0,2534.5,40.5
Cacao_virus,3.0,4171.666666666667,1829.7931273477036
Cache_Valley_virus,3.0,4094.3333333333335,2430.8484572721154
Cachoeira_Porteira_virus,3.0,4186.666666666667,2421.328193827145
Caimito_virus,3.0,4102.0,2457.743273818484
California_encephalitis_virus,3.0,4155.333333333333,2462.294503551966
Calla_lily_chlorotic_spot_virus,6.0,5596.833333333333,2429.517401780764
Callinectes_sapidus_reovirus_1,12.0,1992.4166666666667,908.8679275462536
Campana_virus,3.0,4177.0,1914.6865713914292
Cangyuan_orthoreovirus,10.0,2332.5,1076.829350454379
Cannabis_cryptic_virus,4.0,2343.25,66.29998114630199
Cape_gooseberry_ilarvirus_1,3.0,2863.0,513.9850840896715
Capim_virus,3.0,4020.3333333333335,2476.3912363670556
Capraria_yellow_spot_Yucatan_virus,2.0,2604.0,20.0
Capsicum_chlorosis_virus,3.0,5737.333333333333,2311.1051228554898
Caraparu_virus,3.0,4086.3333333333335,2378.3540994188024
Caraway_yellows_virus,2.0,7237.5,810.5
Cardamom_bushy_dwarf_virus,9.0,1083.2222222222222,21.524031932174882
Carnation_cryptic_virus_3,2.0,1567.5,5.5
Carnation_ringspot_virus,2.0,2621.5,1218.5
Carrot_cryptic_virus,2.0,1873.5,97.5
Carrot_torradovirus_1,2.0,5969.5,974.5
Cassava_Ivorian_bacilliform_virus,3.0,2749.0,269.44510881934127
Cassava_Torrado-like_virus,2.0,5860.5,1391.5
Cassava_green_mottle_virus,2.0,1339.5,409.5
Cassava_mosaic_Madagascar_alphasatellite,1.0,1478.0,0.0
Cassava_mosaic_Madagascar_virus,2.0,2755.0,14.0
Cassava_virus_C,3.0,1611.6666666666667,801.1917512195331
Cassia_yellow_blotch_virus,3.0,2662.6666666666665,444.86577251521106
Cat_Que_virus,3.0,4130.0,2438.881300924668
Catu_virus,3.0,4008.0,2462.699467386686
Centrosema_yellow_spot_virus,1.0,2675.0,0.0
Ceraphron_bunya-like_virus,3.0,3728.6666666666665,2181.0582039204933
Ceratocystis_polonica_partitivirus,2.0,2283.5,31.5
Ceratocystis_resinifera_virus_1,4.0,2269.75,43.42450345139251
Chaetoceros_socialis_forma_radians_RNA_virus_1,1.0,9467.0,0.0
Chagres_virus,3.0,4200.666666666667,1892.8900889615563
Chandiru_virus,3.0,4165.0,1834.5293674400527
Changping_earthworm_virus_2,6.0,2190.1666666666665,1050.8013476496033
Changuinola_virus,10.0,1977.1,1081.1437878469264
Chenuda_virus,10.0,1791.0,886.7349096545146
Cherry_leaf_roll_virus,2.0,7139.0,779.0
Cherry_rasp_leaf_virus,2.0,5174.5,1859.5
Chicken_picobirnavirus,2.0,2116.0,416.0
Chilibre_virus,3.0,4181.0,2384.9767294462226
Chilli_leaf_curl_Gonda_virus,1.0,2760.0,0.0
Chilli_leaf_curl_virus-[Bhavanisagar:India:2010],1.0,2785.0,0.0
Chinese_mitten_crab_virus_1,3.0,3597.6666666666665,2401.7713370667816
Chinese_wheat_mosaic_virus,2.0,5358.0,1789.0
Chino_del_tomate_Amazonas_virus,1.0,2615.0,0.0
Chino_del_tomate_virus,2.0,2606.5,27.5
Chiqui_virus,9.0,2780.8888888888887,1058.9954825676857
Chobar_Gorge_virus,10.0,1789.9,888.2217572205715
Choclo_virus,2.0,2828.5,856.5
Chocolate_lily_virus_A,2.0,5437.0,702.0
Chondrostereum_purpureum_cryptic_virus_1,2.0,1838.5,81.5
Choristoneura_occidentalis_cypovirus_16,8.0,2377.0,994.9229869693432
Chronic_bee_paralysis_virus,2.0,2989.5,684.5
Chrysanthemum_mosaic-associated_virus,7.0,2273.714285714286,1988.999297154635
Chrysanthemum_stem_necrosis_virus,3.0,5577.333333333333,2509.0365127319737
Chrysothrix_chrysovirus_1,4.0,3095.5,306.9792338253518
Chum_salmon_reovirus_CS,11.0,2092.2727272727275,1142.8482036250157
Cimodo_virus,12.0,2069.5833333333335,1060.8009127017608
Citrus_chlorotic_spot_virus,2.0,6252.5,265.5
Citrus_concave_gum-associated_virus,2.0,4692.0,1989.0
Citrus_leaf_rugose_virus,3.0,2894.3333333333335,460.1958520263109
Citrus_leprosis_virus_C,2.0,6865.5,1879.5
Citrus_leprosis_virus_C2,2.0,6853.0,1864.0
Citrus_psorosis_virus,3.0,3759.3333333333335,3131.1695720431503
Citrus_variegation_virus,3.0,2885.3333333333335,459.31857741175196
Citrus_virus_A,2.0,4715.5,1975.5
Cladosporium_cladosporioides_virus_1,5.0,1777.2,576.8512459898132
Cleome_golden_mosaic_virus,1.0,2566.0,0.0
Cleome_leaf_crumple_virus,2.0,2693.0,32.0
Clerodendron_golden_mosaic_virus,2.0,2762.0,5.0
Clerodendrum_chlorotic_spot_virus,2.0,6314.5,209.5
Clerodendrum_golden_mosaic_China_virus,2.0,2757.5,18.5
Clo_Mor_virus,6.0,6080.5,4358.8279292335765
Cnidoscolus_mosaic_leaf_deformation_virus,2.0,2627.0,14.0
Coccinia_mosaic_Tamil_Nadu_virus,2.0,2720.0,29.0
Cocle_virus,3.0,4243.666666666667,1767.3347793279638
Codonopsis_torradovirus_A,2.0,5767.5,1154.5
Coffee_ringspot_virus,2.0,6248.5,303.5
Coleopteran_phasma-related_virus_OKIAV235,3.0,3312.3333333333335,2312.849084762966
Coleopteran_phenui-related_virus_OKIAV308,3.0,4013.3333333333335,2445.504764983204
Colletotrichum_camelliae_filamentous_virus_1,8.0,1532.25,562.0706694891667
Colletotrichum_fructicola_chrysovirus_1,7.0,2292.285714285714,777.297463612725
Colletotrichum_gloeosporioides_chrysovirus_1,3.0,2965.3333333333335,320.4500307726966
Colombian_potato_soil-borne_virus,3.0,4120.666666666667,1450.160757372169
Colorado_tick_fever_virus,12.0,2431.1666666666665,1072.4772595361742
Common_bean_mottle_virus,2.0,2617.5,13.5
Common_bean_severe_mosaic_virus,2.0,2595.0,18.0
Common_oak_ringspot-associated_virus,5.0,2639.6,2275.021107594389
Coniothyrium_diplodiella_chrysovirus_1,4.0,2877.25,438.33912385275397
Coniothyrium_diplodiella_negative-stranded_RNA_virus_1,3.0,3218.3333333333335,2353.4997108325483
Corchorus_golden_mosaic_virus,2.0,2663.0,14.0
Corchorus_yellow_spot_virus,2.0,2597.5,8.5
Corchorus_yellow_vein_Cuba_virus,2.0,2553.5,22.5
Corchorus_yellow_vein_virus_-_[Hoa_Binh],2.0,2707.5,16.5
Cordyceps_chanhua_alternavirus_1,3.0,2860.6666666666665,470.8689367069733
Coredo_virus,3.0,3655.6666666666665,1972.556096935029
Corfou_virus,3.0,4162.0,1942.364023554802
Corriparta_virus,10.0,1909.3,909.9647300857325
Cotton_chlorotic_spot_virus,2.0,2660.0,10.0
Cotton_leaf_crumple_virus,2.0,2590.0,40.0
Cotton_leaf_curl_Bangalore_betasatellite,3.0,1354.0,2.160246899469287
Cotton_leaf_curl_Bangalore_virus,1.0,2751.0,0.0
Cotton_leaf_curl_Gezira_virus-[Cotton],1.0,2761.0,0.0
Cotton_leaf_curl_Multan_virus,3.0,2748.3333333333335,6.018490028422596
Cotton_yellow_mosaic_virus,4.0,2741.0,25.0
Cow_vetch_latent_virus,8.0,987.0,10.452272480183437
Cowpea_bright_yellow_mosaic_virus,2.0,2612.5,19.5
Cowpea_chlorotic_mottle_virus,3.0,2706.0,410.2592676182546
Cowpea_mosaic_virus,2.0,4685.0,1204.0
Cowpea_severe_mosaic_virus,2.0,4844.5,1112.5
Crimean-Congo_hemorrhagic_fever_virus_2,3.0,6415.0,4348.852798919121
Crimson_clover_cryptic_virus_2,2.0,2399.0,45.0
Croton_golden_mosaic_virus,2.0,2582.0,31.0
Cryphonectria_nitschkei_chrysovirus_1,4.0,2867.5,182.32045963083792
Cryphonectria_parasitica_bipartite_mycovirus_1,2.0,1894.0,132.0
Cryptosporidium_parvum_virus_1,2.0,1673.0,163.0
Cuban_alphasatellite_1,1.0,1292.0,0.0
Cucumber_mosaic_virus,3.0,2874.3333333333335,482.08874240699254
Cucurbit_chlorotic_yellows_virus,2.0,8324.0,283.0
Cucurbit_leaf_crumple_virus,2.0,2616.0,16.0
Cucurbit_mild_mosaic_virus,2.0,4582.0,1288.0
Cucurbit_yellow_stunting_disorder_virus,2.0,8549.5,573.5
Culex_phasma-like_virus,3.0,3604.6666666666665,2040.7541634296758
Cumuto_virus,3.0,3604.0,2132.4147501521993
Currant_latent_virus,2.0,4947.5,1655.5
Curvularia_thermal_tolerance_virus,2.0,2017.5,131.5
Cycas_necrotic_stunt_virus,2.0,6069.0,1402.0
Cypovirus_1,10.0,2473.2,1188.1278382396401
Cypovirus_14,10.0,2532.5,1282.5967604824207
Cypovirus_5,10.0,2481.8,1173.5372853045617
Dabieshan_tick_virus,2.0,4169.0,2380.0
Dabieshan_virus,2.0,2674.0,949.0
Dalechampia_chlorotic_mosaic_virus,2.0,2607.0,9.0
Dante_Muikkunen_virus_1,2.0,4654.5,1258.5
Daphnis_nerii_cypovirus,8.0,2261.0,902.3671647394979
Dar_es_Salaam_virus_TZ-189,3.0,3853.0,2109.3052568717185
Dashli_virus,3.0,4219.666666666667,1900.0130408909188
Datura_leaf_distortion_virus,2.0,2581.5,17.5
Deinbollia_mosaic_virus,2.0,2730.5,28.5
Dendrolimus_punctatus_cypovirus_22,16.0,2047.0625,1055.191657280207
Dendrolimus_punctatus_virus,2.0,3991.0,1501.0
Desmodium_leaf_distortion_virus,2.0,2541.5,27.5
Desmodium_mottle_virus,2.0,2740.0,27.0
Dhati_Welel_mammarenavirus,2.0,5292.5,1945.5
Dichorhavirus_orchidaceae,2.0,6207.0,206.0
Dicliptera_yellow_mottle_virus,3.0,2604.0,4.96655480858378
Dill_cryptic_virus_1,2.0,1925.0,88.0
Dill_cryptic_virus_2,2.0,2392.0,38.0
Dinovernavirus_aedis,9.0,2571.8888888888887,1155.1688134875876
Diodia_vein_chlorosis_virus,2.0,8115.0,105.0
Dioscorea_mosaic_associated_virus,2.0,4894.5,1084.5
Discula_destructiva_virus_1,2.0,1686.0,101.0
Discula_destructiva_virus_2,2.0,1696.0,85.0
Dolichos_yellow_mosaic_virus,3.0,2751.6666666666665,13.199326582148887
Drakaea_virus_A,2.0,3697.5,792.5
Drosophila_X_virus,2.0,3301.5,58.5
Drosophila_melanogaster_birnavirus_SW-2009a,2.0,3137.0,123.0
Durania_virus,3.0,4133.0,1855.8669133318801
Duranta_leaf_curl_virus,1.0,2759.0,0.0
East_African_cassava_mosaic_Cameroon_virus,2.0,2771.5,30.5
East_African_cassava_mosaic_Kenya_virus,2.0,2786.5,10.5
East_African_cassava_mosaic_Malawi_virus-Malawi[K],1.0,2804.0,0.0
East_African_cassava_mosaic_Malawi_virus,3.0,2787.3333333333335,23.570226039551585
East_African_cassava_mosaic_Zanzibar_virus,2.0,2774.0,11.0
East_African_cassava_mosaic_virus,2.0,2788.0,11.0
Ebinur_lake_virus,3.0,4064.6666666666665,2391.838112321893
Echarate_virus,3.0,4172.0,1876.8468237978293
Eclipta_yellow_vein_virus,2.0,2744.0,4.0
Elm_mottle_virus,3.0,2873.3333333333335,455.6053360335261
Emaravirus_cajani,5.0,2810.2,2122.735348553842
Emaravirus_camelliae,9.0,2042.111111111111,1807.9420126175658
Emaravirus_cercidis,5.0,2693.6,2202.0874278738343
Emaravirus_cordylinae,5.0,2677.4,2313.9777527020437
Emaravirus_fici,6.0,2536.1666666666665,2039.2608478455022
Emaravirus_idaeobati,8.0,2176.5,1876.122997034043
Emaravirus_kiwii,6.0,2534.8333333333335,2057.881387630384
Emaravirus_rosae,7.0,2438.8571428571427,1889.224287416204
Emaravirus_toordali,6.0,2515.1666666666665,2038.3397178967878
Emaravirus_tritici,8.0,2319.375,1780.1857303031613
Emaravirus_verbanni,4.0,2919.75,2450.6189396762607
Embossos_virus,3.0,4168.333333333333,1840.4952835823537
Emilia_sonchifolia_yellow_vein_Thailand_virus,1.0,2746.0,0.0
Enseada_virus,3.0,4242.0,2391.241936734968
Entoleuca_phenui-like_virus_1,2.0,5036.0,2220.0
Eothenomys_miletus_hantavirus_LX309,3.0,4102.666666666667,1835.4691195683158
Epirus_cherry_virus,3.0,1585.6666666666667,837.203413487759
Erectites_yellow_mosaic_virus,1.0,2751.0,0.0
Eriocheir_sinensis_reovirus,13.0,2125.769230769231,974.8783871963135
Escherichia_phage_LM33_P1,1.0,38979.0,0.0
Escherichia_phage_slur09,1.0,111751.0,0.0
Espirito_Santo_virus,2.0,3338.5,88.5
Estero_Real_virus,3.0,5978.0,4287.597928910779
Etheostoma_fonticola_aquareovirus,11.0,2178.0,1138.2047267517387
Eubenangee_virus,10.0,1930.4,956.4328727098415
Eupatorium_yellow_vein_virus-[Suya],1.0,2760.0,0.0
Euphorbia_leaf_curl_virus,1.0,2746.0,0.0
Euphorbia_mosaic_virus,2.0,2607.5,5.5
Euphorbia_mosaic_virus_-_A_[Mexico:Yucatan:2004],1.0,2613.0,0.0
Euphorbia_yellow_mosaic_virus,2.0,2593.5,15.5
European_mountain_ash_ringspot-associated_virus,4.0,3070.5,2321.073512407567
European_shore_crab_virus_1,3.0,3842.6666666666665,2111.864473766145
European_wheat_striate_mosaic_virus,4.0,4224.5,3102.180886086432
Eyach_virus,12.0,2434.1666666666665,1073.4169610278302
Faba_bean_necrotic_stunt_virus,8.0,988.375,7.157819151110204
Faba_bean_necrotic_yellows_virus,8.0,999.125,9.98044963916957
Faba_bean_yellow_leaf_virus,8.0,991.875,10.067739319231503
Facey's_Paddock_virus,3.0,4096.333333333333,2443.020853142455
Fako_virus,9.0,2574.4444444444443,1158.2462903613389
Fall_chinook_aquareovirus,11.0,2118.818181818182,1140.3830152574194
Farallon_virus,3.0,6154.666666666667,4351.5674825924
Fengkai_orbivirus,10.0,1925.0,943.8669397748816
Ferak_virus,3.0,4246.333333333333,2209.118124702454
Fig_cryptic_virus,2.0,1555.5,140.5
Fiji_disease_virus,10.0,2933.9,905.774414520525
Flammulina_velutipes_browning_virus,2.0,1822.5,92.5
Flen_virus,3.0,3243.6666666666665,2409.2682614344867
Flock_House_virus,2.0,2253.5,853.5
Fort_Sherman_virus,3.0,4098.0,2436.6609667055995
Fragaria_chiloensis_cryptic_virus,3.0,1559.3333333333333,123.64015888411373
Fragaria_chiloensis_latent_virus,3.0,2828.3333333333335,427.59352453261295
French_bean_leaf_curl_virus,1.0,2741.0,0.0
Frijoles_virus_VP-161A,3.0,602.0,128.09631792782596
Fugong_virus,3.0,3991.3333333333335,1942.9877908920466
Fusarium_graminearum_alternavirus_1,2.0,2997.0,527.0
Fusarium_graminearum_dsRNA_mycovirus_2,5.0,2944.8,381.677560252106
Fusarium_graminearum_dsRNA_mycovirus_4,2.0,2061.0,322.0
Fusarium_graminearum_gemytripvirus_1,3.0,1315.0,4.546060565661952
Fusarium_oxysporum_f,4.0,2951.0,354.49047942081603
Fusarium_poae_alternavirus_1,3.0,2845.6666666666665,504.4352177325537
Fusarium_poae_partitivirus_2,2.0,2408.0,5.0
Fusarium_poae_virus_1-240374,2.0,2331.0,100.0
Fusarium_poae_virus_1,4.0,2262.5,98.65470085099848
Fusarium_redolens_polymycovirus_1,8.0,1524.5,588.4883176410557
Fusarium_solani_virus_1,2.0,1545.0,100.0
Gabek_Forest_virus,3.0,4221.0,1907.5098951250554
Gamboa_virus,3.0,4288.666666666667,2511.2815232245243
Gan_Gan_virus,3.0,4039.3333333333335,2435.1003173494837
Ganda_bee_virus,3.0,3486.6666666666665,2099.024588284335
Gayfeather_mild_mottle_virus,3.0,2833.0,469.3449335687631
Gentian_ovary_ringspot_virus,2.0,4694.0,825.0
Golden_Gate_virus,2.0,5202.0,1720.0
Gomphocarpus_mosaic_virus,1.0,9998.0,0.0
Gordil_virus,3.0,3919.3333333333335,1845.6193781191423
Gossas_virus,3.0,6708.666666666667,4510.855375892938
Gossypium_darwinii_symptomless_virus,1.0,2740.0,0.0
Gossypium_davidsonii_symptomless_alphasatellite,1.0,1315.0,0.0
Gossypium_mustelinum_symptomless_alphasatellite,1.0,1306.0,0.0
Gossypium_punctatum_mild_leaf_curl_virus,2.0,2731.0,6.0
Gouleako_virus,3.0,3544.3333333333335,2166.5779981856695
Grand_Arbaud_virus,3.0,3832.3333333333335,1997.0612297963114
Grapevine_Anatolian_ringspot_virus,2.0,5947.5,1340.5
Grapevine_Bulgarian_latent_virus,2.0,6636.5,815.5
Grapevine_Cabernet_Sauvignon_reovirus,10.0,2459.6,1064.1040550622856
Grapevine_Garan_dmak_virus,3.0,3742.3333333333335,3053.8502837492792
Grapevine_Muscat_rose_virus,3.0,3584.0,3088.26779926871
Grapevine_Tunisian_ringspot_virus,1.0,5949.0,0.0
Grapevine_associated_cogu-like_virus_1,3.0,3187.0,2483.2756592855335
Grapevine_associated_cogu-like_virus_2,3.0,3612.3333333333335,2627.940680879655
Grapevine_associated_cogu-like_virus_3,3.0,3589.0,2655.138916641965
Grapevine_associated_cogu-like_virus_4,3.0,3770.3333333333335,2574.8333710919796
Grapevine_chrome_mosaic_virus,2.0,5826.5,1385.5
Grapevine_deformation_virus,2.0,5569.5,1816.5
Grapevine_fabavirus,2.0,4401.0,1267.0
Grapevine_fanleaf_virus,2.0,5558.0,1784.0
Grapevine_line_pattern_virus,3.0,2727.3333333333335,306.2943391938908
Grapevine_nepovirus_A,2.0,5823.0,1363.0
Great_Island_virus,10.0,1785.8,892.4805656147365
Great_Saltee_virus,3.0,6179.0,4250.436526601317
Green_River_chinook_virus,10.0,1811.8,1112.22729691372
Green_Sichuan_pepper_nepovirus,2.0,7477.0,394.0
Gremmeniella_abietina_RNA_virus_MS1,3.0,1518.0,248.02150444400314
Grotenhout_virus,2.0,9291.0,5563.0
Groundnut_bud_necrosis_virus,2.0,3929.0,872.0
Groundnut_chlorotic_fan-spot_virus,2.0,6826.5,1969.5
Groundnut_ringspot_and_Tomato_chlorotic_spot_virus_reassortant,3.0,5597.0,2429.934292664447
Groundnut_ringspot_virus,3.0,4268.0,3261.9261181087472
Groundnut_yellow_spot_virus,1.0,3006.0,0.0
Guadeloupe_mosquito_phasivirus,3.0,3967.3333333333335,2162.5061592718966
Guagua_virus,3.0,4086.3333333333335,2056.3019125497003
Guangxi_orbivirus,10.0,1988.9,913.0541550203908
Guaratuba_virus,3.0,4219.666666666667,2406.3052360182587
Guaroa_virus,3.0,4088.3333333333335,2412.453016237944
Guertu_virus,3.0,3827.0,1914.2749715405744
Gumbo_Limbo_virus,3.0,4171.0,2461.578490860421
Haartman_Institute_snake_virus,2.0,4663.0,1286.0
Hadaka_virus_1,11.0,1394.0,607.690710806081
Hainan_oriental_leaf-toed_gecko_hantavirus,1.0,6627.0,0.0
Hantavirus_Fusong-Mf-682,2.0,2786.5,913.5
Hantavirus_Z10,3.0,3950.0,1986.7432311868251
Hardyhead_chuvirus,3.0,3295.0,2175.238377741621
Hazara_virus,3.0,6077.333333333333,4338.256664708635
Heartland_virus,6.0,3846.5,1902.3896157201868
Hedi_virus,3.0,4197.0,1900.5457111051026
Hedyotis_uncinella_yellow_mosaic_virus,1.0,2749.0,0.0
Helicobasidium_mompa_totivirus_1-17,1.0,5207.0,0.0
Helicoverpa_armigera_stunt_virus,2.0,3895.0,1417.0
Helminthosporium_victoriae_virus_145S,4.0,3120.25,312.89485054887047
Hemidesmus_yellow_mosaic_virus,1.0,2825.0,0.0
Hemipteran_phasma-related_virus_OKIAV247,3.0,4241.0,2143.315189140412
Heterobasidion_RNA_virus_6,2.0,1954.5,95.5
Heterobasidion_partitivirus_7,2.0,2264.0,33.0
Hibiscus_golden_mosaic_virus,2.0,2639.5,12.5
Hibiscus_green_spot_virus_2,3.0,4900.666666666667,2454.733839385081
Hibiscus_vein_enation_virus,1.0,2740.0,0.0
Hibiscus_yellow_blotch_virus,2.0,6396.5,1985.5
Hippeastrum_chlorotic_spot_virus,3.0,5457.666666666667,2574.9656739891157
Hollyhock_yellow_vein_virus,1.0,2738.0,0.0
Homalodisca_vitripennis_reovirus,12.0,2143.6666666666665,1060.4041944256705
Hop_trefoil_cryptic_virus_2,2.0,2390.0,41.0
Horsegram_yellow_mosaic_virus,2.0,2702.5,25.5
Huangpi_Tick_Virus_1,3.0,6155.666666666667,4156.890611449327
Huangpi_Tick_Virus_2,3.0,3906.0,1946.5591865305987
Hubei_Wuhan_insect_virus_9,2.0,6281.0,3031.0
Hubei_chuvirus-like_virus_1,2.0,5415.5,1457.5
Hubei_diptera_virus_12,2.0,2402.5,853.5
Hubei_diptera_virus_13,2.0,2356.0,815.0
Hubei_diptera_virus_14,2.0,2128.5,579.5
Hubei_diptera_virus_17,2.0,1666.5,64.5
Hubei_diptera_virus_18,2.0,1718.0,24.0
Hubei_diptera_virus_3,3.0,4032.0,2111.471998393538
Hubei_diptera_virus_4,3.0,4123.0,2331.931531299036
Hubei_diptera_virus_5,3.0,4290.333333333333,2202.5864089494626
Hubei_insect_virus_2,10.0,3026.8,980.8168840308573
Hubei_lepidoptera_virus_1,3.0,4637.666666666667,2590.2818808427437
Hubei_lepidoptera_virus_3,10.0,2451.4,1149.3814162409274
Hubei_mosquito_virus_2,2.0,2405.5,753.5
Hubei_myriapoda_virus_5,3.0,5325.666666666667,3239.2137248961444
Hubei_myriapoda_virus_9,2.0,2214.5,723.5
Hubei_noda-like_virus_8,2.0,2809.5,1021.5
Hubei_noda-like_virus_9,2.0,2479.5,787.5
Hubei_odonate_virus_8,3.0,3612.3333333333335,2046.4968984964419
Hubei_odonate_virus_9,3.0,3514.0,2105.3759759244904
Hubei_orthoptera_virus_4,2.0,2350.0,675.0
Hubei_partiti-like_virus_11,2.0,1679.0,64.0
Hubei_qinvirus-like_virus_1,2.0,3683.0,2058.0
Hubei_sobemo-like_virus_48,1.0,2654.0,0.0
Hubei_tetragnatha_maxillosa_virus_6,2.0,2320.0,856.0
Hubei_tetragnatha_maxillosa_virus_8,4.0,1660.25,77.69612281188812
Hubei_tombus-like_virus_28,1.0,2539.0,0.0
Hubei_unio_douglasiae_virus_1,2.0,2262.0,953.0
Human_picobirnavirus,2.0,2135.0,390.0
Human_rotavirus_B,11.0,1630.1818181818182,917.7745631473616
Hunter_Island_virus,6.0,3792.8333333333335,1936.863651771997
Hybanthus_yellow_mosaic_virus,2.0,2577.0,15.0
Hymenopteran_chu-related_virus_OKIAV147,1.0,4519.0,0.0
Iaco_virus,3.0,4243.333333333333,2512.5220175928584
Ichnoviriform_fugitivi,56.0,4394.5,1046.5997495290574
Ichnoviriform_fumiferanae,105.0,2777.114285714286,704.2023966944475
Ichnoviriform_sonorense,23.0,10460.695652173914,3401.9118593339167
Icoaraci_virus,3.0,4241.666666666667,1815.5972999416902
Ilarvirus_APLPV,3.0,2610.0,558.2275521684683
Ilarvirus_ApMV,3.0,2837.0,588.3440036803865
Ilesha_virus,3.0,4099.333333333333,2427.9924949545366
Imjin_virus,3.0,3932.3333333333335,2056.7380862802042
Impatiens_necrotic_spot_virus,3.0,5580.0,2400.1266633242503
Inachis_io_cypovirus_2,10.0,2404.1,958.610290994208
Indian_cassava_mosaic_virus,2.0,2730.0,85.0
Indian_peanut_clump_virus,2.0,5174.0,667.0
Infectious_bursal_disease_virus,4.0,2996.5,230.60518207533846
Infectious_pancreatic_necrosis_virus,2.0,2940.5,156.5
Infectious_salmon_anemia_virus,2.0,1452.5,716.5
Infirmatus_virus,3.0,4143.333333333333,2461.673188887771
Ingwavuma_virus,3.0,4129.333333333333,2441.764571415971
Inner_Mongolia_sediment_arena-like_virus,3.0,4578.0,2030.6306081280925
Iris_yellow_spot_virus,3.0,5607.666666666667,2419.6344535670855
Isaria_javanica_chrysovirus_1,4.0,3201.75,256.20438618415574
Isavirus_salaris,8.0,1585.75,517.1198482943774
Issyk-Kul_virus,3.0,6429.666666666667,4354.366722676853
Itaituba_virus,3.0,4213.0,1858.1912352249071
Itaporanga_virus,3.0,4198.0,1815.8972070760688
Ixcanal_virus,3.0,4114.666666666667,1845.536657873681
Jacquemontia_mosaic_Yucatan_virus,2.0,2596.5,5.5
Jacquemontia_yellow_mosaic_virus,2.0,2594.5,16.5
Jacquemontia_yellow_vein_virus,2.0,2564.0,21.0
Jamestown_Canyon_virus,3.0,4153.666666666667,2449.8258895049844
Japanese_holly_fern_mottle_virus,2.0,4617.5,1610.5
Japanese_soil-borne_wheat_mosaic_virus,2.0,5400.0,1826.0
Japanese_star_anise_ringspot-associated_virus,5.0,2851.4,2171.24320148619
Jatobal_virus,3.0,4063.6666666666665,2423.8366739989356
Jatropha_leaf_curl_virus,1.0,2743.0,0.0
Jatropha_leaf_yellow_mosaic_Katarniaghat_virus,1.0,2744.0,0.0
Jatropha_mosaic_India_virus-[Lucknow],1.0,2740.0,0.0
Jatropha_mosaic_Nigeria_virus,1.0,2781.0,0.0
Jatropha_mosaic_virus,2.0,2599.0,11.0
Jatropha_yellow_mosaic_virus,1.0,2757.0,0.0
Jeju_virus,3.0,3970.6666666666665,1993.7049820762238
Jingmen_tick_virus,4.0,2894.75,127.97143235894487
Jonchet_virus,3.0,4699.333333333333,2171.8379824982853
Jos_virus,6.0,1745.5,474.66927082618975
Jujube_yellow_mottle-associated_virus,6.0,2404.8333333333335,2154.583363952813
Kabuto_mountain_virus,3.0,3816.3333333333335,1920.9307350575891
Kadipiro_virus,12.0,1748.75,906.9196146847856
Kaeng_Khoi_virus,3.0,4136.333333333333,2424.283032614431
Kairi_virus,3.0,4165.666666666667,2434.5190261915986
Kaisodi_virus,3.0,3821.3333333333335,1970.679465452349
Karaka_Okahu_purepure_emaravirus,5.0,2731.4,2210.969977181961
Karimabad_virus,3.0,4227.333333333333,1955.4880607039145
Kasokero_virus,3.0,6126.666666666667,4359.0672039885885
Kenaf_leaf_curl_virus-[India:Bahraich:2007],1.0,2740.0,0.0
Kenkeme_virus,3.0,3910.3333333333335,2010.6810344314242
Ketapang_virus,3.0,4107.0,2457.602218966012
Keterah_virus,3.0,6490.333333333333,4347.866015517139
Keystone_virus,3.0,4151.666666666667,2462.3551508441847
Khurdun_virus,3.0,3559.6666666666665,2315.6606448748535
Kibale_virus,3.0,3774.0,2651.9511056327315
Kiborgoch_virus,3.0,4147.333333333333,1852.1076882538146
Kismaayo_virus,3.0,3849.3333333333335,1858.7903473914307
Kitale_virus,2.0,5326.5,1957.5
Koongol_virus,3.0,3734.0,2469.204055291232
Kowanyama_virus,3.0,4209.0,2434.7632328421587
Kudzu_mosaic_virus,2.0,2701.5,29.5
Kundal_virus,12.0,2398.1666666666665,1102.2867770634323
Kupe_virus,3.0,6280.666666666667,4463.606115637395
Kwanza_virus,2.0,5318.5,1897.5
La_Crosse_virus,6.0,4163.5,2461.2775645993283
La_Gloria_virus,3.0,4160.333333333333,1941.9664146311995
Laibin_virus,3.0,4124.666666666667,1882.5536439162158
Lakamha_virus,3.0,3641.3333333333335,2609.9819071318398
Lake_Chad_virus,7.0,1712.4285714285713,709.6811874039653
Lamium_mild_mosaic_virus,2.0,5072.5,1007.5
Lampyris_noctiluca_chuvirus-like_virus_1,1.0,6829.0,0.0
Largemouth_bass_bunyavirus,3.0,3824.3333333333335,2414.9622955418763
Las_Maloyas_virus,3.0,4080.0,2397.3490915314496
Lates_calcarifer_birnavirus,2.0,3129.0,398.0
Laurel_Lake_virus,3.0,3633.6666666666665,2619.1352686632194
Le_Blanc_nodavirus,2.0,3205.0,268.0
Leanyer_virus,3.0,4122.333333333333,2457.8973850743964
Lebombo_virus,10.0,1924.7,999.7673779434894
Lednice_virus,3.0,4151.333333333333,2435.728136626819
Lena_virus,3.0,3975.6666666666665,1954.6945768812298
Lentinula_edodes_negative-strand_RNA_virus_2,2.0,4918.0,2164.0
Leonurus_mosaic_virus,1.0,2652.0,0.0
Leopards_Hill_virus,3.0,6122.666666666667,4336.660338196766
Leptomonas_moramango_leishbunyavirus,3.0,2607.3333333333335,2394.9335875737534
Leptomonas_seymouri_Narna-like_virus_1,2.0,2184.5,729.5
Leticia_virus,3.0,4169.0,1931.7170255155559
Lettuce_chlorosis_virus,2.0,8573.5,17.5
Lettuce_infectious_yellows_virus,2.0,7655.5,462.5
Lettuce_necrotic_leaf_curl_virus,2.0,6443.0,1143.0
Lettuce_ring_necrosis_virus,4.0,3106.25,2628.2676209815468
Lettuce_secovirus_1,2.0,6277.0,276.0
Liao_ning_virus,12.0,1728.25,909.6999619838034
Ligustrum_chlorotic_spot_virus,2.0,6031.5,2351.5
Ligustrum_leprosis_virus,2.0,6302.5,2590.5
Lihan_tick_virus,2.0,4139.5,2377.5
Lijiang_virus,2.0,5264.5,2004.5
Lilac_chlorotic_ringspot-associated_virus,5.0,2759.6,2168.2864755377686
Lilac_leaf_chlorosis_virus,3.0,2761.0,525.4160256406346
Lilac_ring_mottle_virus,2.0,2554.0,267.0
Lindernia_anagallis_yellow_vein_virus,1.0,2740.0,0.0
Lishi_spider_virus_1,2.0,5738.5,1312.5
Lone_Star_virus,3.0,3843.3333333333335,1861.002656873141
Longquan_virus,3.0,1835.6666666666667,1358.8250643683152
Ludwigia_yellow_vein_Vietnam_virus,1.0,2751.0,0.0
Ludwigia_yellow_vein_virus,1.0,2758.0,0.0
Luffa_yellow_mosaic_virus,2.0,2727.5,14.5
Lukuni_virus,3.0,3989.0,2437.755935281463
Lumbo_virus,3.0,4182.333333333333,2419.6895576820502
Lunk_virus_NKS-1,2.0,5307.0,1888.0
Lutzomyia_reovirus_1,9.0,2457.222222222222,1076.2877328812297
Lychnis_mottle_virus,2.0,5599.5,1844.5
Lycianthes_yellow_mosaic_virus,2.0,2728.0,24.0
M'Poko_virus,4.0,3442.0,2557.5430592660605
Macaua_virus,3.0,4151.666666666667,2392.640010996686
Macrobrachium_rosenbergii_nodavirus,2.0,2188.5,1013.5
Macrophomina_phaseolina_chrysovirus_1,4.0,3271.5,328.2883640947391
Macroptilium_bright_mosaic_virus,1.0,2636.0,0.0
Macroptilium_common_mosaic_virus,2.0,2615.0,17.0
Macroptilium_golden_mosaic_virus,2.0,2579.0,26.0
Macroptilium_golden_yellow_mosaic_virus,2.0,2612.0,19.0
Macroptilium_mosaic_Puerto_Rico_virus,2.0,2593.0,22.0
Macroptilium_yellow_mosaic_Florida_virus,2.0,2623.5,18.5
Macroptilium_yellow_mosaic_virus,2.0,2611.5,18.5
Macroptilium_yellow_net_virus,2.0,2598.5,21.5
Macroptilium_yellow_spot_virus,1.0,2660.0,0.0
Macroptilium_yellow_vein_virus,1.0,2656.0,0.0
Madrid_virus,3.0,4201.333333333333,2380.9691770836143
Magnaporthe_oryzae_chrysovirus_1,10.0,3136.3,247.33986738898358
Magnaporthe_oryzae_polymycovirus_1,4.0,1980.25,409.8398315195828
Maguari_virus,3.0,4108.0,2449.208443558857
Mahlapitsi_orthoreovirus,10.0,2319.5,1118.9998436103554
Mahogany_hammock_virus,3.0,4054.6666666666665,2463.22286626462
Main_Drain_virus,6.0,3043.8333333333335,2358.3240105822797
Maize-associated_pteridovirus,2.0,4259.5,1546.5
Maize_rough_dwarf_virus,20.0,2914.45,901.8187997042422
Mal_de_Rio_Cuarto_virus,10.0,2909.6,907.6467594830051
Malachra_yellow_mosaic_virus,1.0,2739.0,0.0
Maldonado_virus,3.0,4040.3333333333335,1828.4961641256516
Malvastrum_bright_yellow_mosaic_virus,2.0,2606.5,2.5
Malvastrum_leaf_curl_Philippines_virus,1.0,2742.0,0.0
Malvastrum_yellow_mosaic_Helshire_virus,1.0,2609.0,0.0
Malvastrum_yellow_mosaic_Jamaica_virus,2.0,2596.0,16.0
Malvastrum_yellow_vein_Baoshan_virus,1.0,2743.0,0.0
Malvastrum_yellow_vein_Cambodia_virus,1.0,2737.0,0.0
Malvastrum_yellow_vein_Honghe_virus,1.0,2740.0,0.0
Mammalian_orthoreovirus_3,20.0,2337.3,1083.9160068935232
Mammalian_orthoreovirus_3_Dearing,10.0,2357.0,1083.5843298977704
Mammarenavirus_allpahuayoense,2.0,5198.0,1855.0
Mammarenavirus_bearense,2.0,5220.5,1881.5
Mammarenavirus_chapareense,2.0,5232.0,1875.0
Mammarenavirus_choriomeningitidis,4.0,5165.0,1799.4607525589438
Mammarenavirus_cupixiense,2.0,5219.0,1887.0
Mammarenavirus_flexalense,2.0,5224.0,1814.0
Mammarenavirus_gairoense,2.0,5304.5,1959.5
Mammarenavirus_guanaritoense,2.0,5212.0,1869.0
Mammarenavirus_ippyense,2.0,5341.0,1975.0
Mammarenavirus_juninense,2.0,5262.5,1851.5
Mammarenavirus_lassaense,2.0,5340.5,1938.5
Mammarenavirus_latinum,2.0,5324.0,1850.0
Mammarenavirus_loeiense,2.0,5264.0,1920.0
Mammarenavirus_lujoense,2.0,5176.0,1987.0
Mammarenavirus_lunaense,2.0,5303.5,1926.5
Mammarenavirus_machupoense,2.0,5317.5,1878.5
Mammarenavirus_marientalense,2.0,5100.0,1740.0
Mammarenavirus_merinoense,2.0,5281.0,1917.0
Mammarenavirus_okahandjaense,2.0,5274.5,1895.5
Mammarenavirus_oliverosense,2.0,5359.5,1824.5
Mammarenavirus_piritalense,2.0,5241.0,1848.0
Mammarenavirus_praomyidis,2.0,5352.5,1972.5
Mammarenavirus_ryukyuense,2.0,5253.5,1890.5
Mammarenavirus_tacaribeense,2.0,5267.0,1835.0
Mammarenavirus_tamiamiense,2.0,5337.0,1804.0
Mammarenavirus_wenzhouense,2.0,5241.5,1904.5
Mammarenavirus_whitewaterense,2.0,5224.0,1908.0
Manzanilla_virus,3.0,4138.0,2437.2459867645694
Maple_mottle-associated_virus,6.0,2570.8333333333335,2042.1505344992459
Maporal_virus,3.0,4035.3333333333335,1936.4022194666984
Mapputta_virus,3.0,4036.6666666666665,2468.0059877471035
Maprik_virus,3.0,4037.6666666666665,2432.364738731061
Marituba_virus,3.0,4199.666666666667,2377.308889386391
Massilia_virus,3.0,4161.666666666667,1853.074262468243
Matruh_virus,3.0,4073.3333333333335,2479.848964934939
Medicago_sativa_alphapartitivirus_1,2.0,1847.0,46.0
Medjerda_Valley_virus,3.0,4125.666666666667,1897.3887904755372
Melaka_orthoreovirus,10.0,2341.0,1079.4788557447525
Melandrium_yellow_fleck_virus,3.0,2845.0,337.01928728190023
Melao_virus,3.0,4141.333333333333,2457.5657784799077
Melochia_mosaic_virus,2.0,2606.5,17.5
Melochia_yellow_mosaic_virus,2.0,2644.0,24.0
Melon_chlorotic_leaf_curl_virus-[Guatemala],2.0,2650.0,12.0
Melon_chlorotic_mosaic_virus,2.0,2617.5,10.5
Melon_chlorotic_spot_virus,8.0,2509.875,2492.2392259522358
Melon_mild_mottle_virus,2.0,5790.5,1936.5
Melon_partitivirus,2.0,1611.5,42.5
Melon_severe_mosaic_tospovirus,3.0,5689.0,2368.9643306727944
Melon_yellow_mosaic_virus,1.0,2736.0,0.0
Melon_yellow_spot_virus,3.0,5655.0,2396.086948895358
Mermet_virus,3.0,4110.666666666667,2476.557332714553
Merremia_mosaic_Puerto_Rico_virus,2.0,2612.5,27.5
Merremia_mosaic_virus,2.0,2524.5,32.5
Mesta_yellow_vein_mosaic_Bahraich_virus,1.0,2737.0,0.0
Mesta_yellow_vein_mosaic_virus,2.0,2741.0,13.0
Micromonas_pusilla_reovirus,11.0,2323.909090909091,1472.8866804862207
Mikania_micrantha_mosaic_virus,2.0,4640.0,1222.0
Milk_vetch_dwarf_C10_alphasatellite,1.0,1022.0,0.0
Milk_vetch_dwarf_virus,8.0,988.875,7.389815626928726
Mimosa_yellow_leaf_curl_virus,1.0,2757.0,0.0
Minatitlan_virus,3.0,4282.0,2370.747983232296
Mobuck_virus,10.0,1994.4,922.9329553114895
Mogiana_tick_virus,8.0,2825.5,144.15009538671836
Mona_Grita_virus,3.0,4085.3333333333335,1897.4562504105918
Mopeia_Lassa_virus_reassortant_29,2.0,5336.5,1934.5
Mopeia_virus_AN20410,2.0,5349.0,1922.0
Morogoro_mammarenavirus,2.0,5295.0,1912.0
Mos8Chu0_chuvirus,1.0,6844.0,0.0
Mosquito_X_virus,2.0,3319.0,99.0
Motherwort_yellow_mottle_virus,2.0,6015.5,1052.5
Mothra_virus,3.0,3487.6666666666665,2473.365363674001
Mukawa_virus,3.0,3892.3333333333335,1894.4700812862918
Mulberry_mosaic_leaf_roll_associated_virus,2.0,5462.5,1720.5
Mulberry_vein_banding_virus,3.0,5643.333333333333,2379.7891129724544
Mungbean_yellow_mosaic_India_virus,2.0,2680.5,64.5
Mungbean_yellow_mosaic_virus,2.0,2699.0,24.0
Munguba_virus,3.0,4307.666666666667,1917.8648428801116
Murre_virus,3.0,3818.3333333333335,1980.49662683098
Murrumbidgee_virus,3.0,4019.3333333333335,2502.9914546842188
Mycoreovirus_1,11.0,2130.2727272727275,1101.7013364386664
Mycoreovirus_3,12.0,2062.9166666666665,1064.9935413210521
Nairobi_sheep_disease_virus,3.0,6249.333333333333,4362.418620699098
Narangue_virus,3.0,3605.6666666666665,2684.744846142532
Necocli_virus,3.0,2000.0,1320.5779037981818
Neofusicoccum_parvum_chrysovirus_1,4.0,3119.75,211.88838453298945
Nephila_clavipes_virus_6,2.0,3338.5,721.5
Nepuyo_virus,3.0,4173.0,2446.9680559146386
Ness_Ziona_virus,3.0,4058.3333333333335,2449.2667383434487
Neuropteran_phasma-related_virus_OKIAV248,3.0,4228.333333333333,2174.9374448220087
Nilaparvata_lugens_reovirus,10.0,2869.9,1006.3311035638319
Nile_warbler_virus,3.0,3792.0,1961.8567735693653
Nique_virus,3.0,4129.0,1905.5447165224612
Niukluk_phantom_virus,3.0,4038.6666666666665,2038.8770329658323
Nodamura_virus,2.0,2270.0,934.0
Nola_virus,3.0,4332.0,2492.4447168727065
Nome_phantom_orthophasmavirus,3.0,3219.0,877.1058469002852
North_Creek_virus,4.0,2643.5,2359.7023647061933
Northway_virus,3.0,4117.666666666667,2431.563877196914
Norway_phlebovirus_1,2.0,4605.0,2109.0
Nova_virus,3.0,3992.6666666666665,1955.1242643087646
Ntepes_virus,3.0,4197.0,1941.5789107493588
Nyando_virus,3.0,4103.333333333333,2484.8107014865786
Oat_golden_stripe_virus,2.0,5171.5,1939.5
Oat_mosaic_virus,2.0,4917.0,2633.0
Oat_sterile_dwarf_virus,4.0,1868.0,66.8692754559222
Ocimum_golden_mosaic_virus,1.0,2752.0,0.0
Ocimum_mosaic_virus,1.0,2794.0,0.0
Ocimum_yellow_vein_virus,2.0,2778.0,26.0
Odrenisrou_virus,3.0,4029.0,1913.481817699522
Okola_virus,3.0,4082.3333333333335,2474.583376831116
Okra_enation_leaf_curl_virus,2.0,2731.0,7.0
Okra_enation_leaf_curl_virus_[India:Munthal_EL37:2006],1.0,2724.0,0.0
Okra_leaf_curl_India_virus_[India:Sonipat_EL14A:2006],1.0,2723.0,0.0
Okra_mottle_virus,2.0,2656.5,3.5
Okra_yellow_crinkle_virus,1.0,2792.0,0.0
Okra_yellow_mosaic_Mexico_virus,2.0,2597.0,15.0
Old_schoolhouse_virus_1,2.0,4633.5,1311.5
Olive_latent_virus_2,3.0,2767.0,282.5986553400423
Operophtera_brumata_reovirus,10.0,2519.4,1018.265603857854
Ophiovirus_freesiae,1.0,1456.0,0.0
Orbivirus_SX-2017a,10.0,1927.2,944.650390356136
Orbivirus_alphaequi,10.0,1952.4,988.3373108407878
Oriboca_virus,3.0,4086.3333333333335,2399.8550419186204
Oriximina_virus,3.0,4225.333333333333,1868.5333523619238
Oropouche_virus,3.0,3995.0,2502.291083520594
Orsay_virus,2.0,2997.5,423.5
Orthobunyavirus_bwambaense,3.0,4195.666666666667,2397.0095721312605
Orthobunyavirus_guajaraense,3.0,4031.6666666666665,2473.0603622951776
Orthobunyavirus_shuniense,3.0,4037.3333333333335,2483.50026284588
Orthobunyavirus_simbuense,3.0,4057.3333333333335,2476.8698436175896
Orthobunyavirus_tacaiumaense,3.0,4054.0,2397.1362080616113
Orthobunyavirus_thimiriense,4.0,3344.0,2538.2575716424053
Orthobunyavirus_turlockense,12.0,4169.5,2477.810878578105
Orthobunyavirus_wyeomyiae,3.0,4153.666666666667,2378.274210897941
Orthohantavirus_andesense,3.0,4034.6666666666665,1932.2802304243785
Orthohantavirus_asikkalaense,3.0,2204.0,1007.3026688471874
Orthohantavirus_bayoui,3.0,4063.0,1896.0574885799217
Orthohantavirus_caobangense,3.0,4001.0,1935.9531674776294
Orthohantavirus_delgaditoense,3.0,4079.6666666666665,1896.38820451463
Orthohantavirus_hantanense,3.0,3948.3333333333335,1988.6304053013193
Orthohantavirus_khabarovskense,3.0,4044.0,1948.1798342726645
Orthohantavirus_montanoense,3.0,4057.0,1870.3498781422331
Orthohantavirus_nigrorivense,3.0,2022.3333333333333,1330.281757957898
Orthohantavirus_prospectense,3.0,3980.3333333333335,2003.2302802113281
Orthohantavirus_puumalaense,6.0,4013.0,1950.4610566051642
Orthohantavirus_robinaense,3.0,3713.0,2116.790495065584
Orthohantavirus_sangassouense,3.0,3976.0,1966.939246646932
Orthohantavirus_seoulense,3.0,3983.3333333333335,1957.824359390347
Orthohantavirus_sinnombreense,6.0,4105.833333333333,1860.841961466786
Orthohantavirus_tatenalense,3.0,3707.3333333333335,2122.4586895600323
Orthohantavirus_tulaense,3.0,4022.0,1936.786513790304
Orthonairovirus_artashatense,3.0,5818.0,4408.98514399856
Orthonairovirus_chimense,3.0,6170.0,4384.421284502665
Orthonairovirus_dugbeense,3.0,6286.333333333333,4414.682497706438
Orthonairovirus_haemorrhagiae,3.0,6382.0,4320.626189184464
Orthonairovirus_khani,6.0,6124.666666666667,4375.523651201331
Orthonairovirus_qalyubense,3.0,6420.333333333333,4168.13406161025
Orthonairovirus_thiaforaense,3.0,6014.666666666667,4105.950262187251
Orthonairovirus_tomdiense,3.0,5824.0,4457.523752039915
Orthophasmavirus_kigluaikense,3.0,3900.3333333333335,1991.6673640166143
Orthotospovirus_citrullomaculosi,3.0,5777.0,2287.3024869191804
Orthotospovirus_polygonianuli,3.0,5362.666666666667,2656.450806788804
Orthotospovirus_tomatomaculae,3.0,5544.666666666667,2494.7759195745193
Orungo_virus,10.0,1889.4,978.4586041320297
Osedax_japonicus_RNA_virus_1,2.0,10173.0,2997.0
Otarine_picobirnavirus,2.0,2017.5,329.5
Ourmia_melon_virus,3.0,1617.3333333333333,846.9684501535789
Oxalis_yellow_vein_virus,1.0,2661.0,0.0
Oxbow_virus,3.0,3243.6666666666665,1129.165276751912
Oyo_virus,3.0,4038.3333333333335,2422.5015078541346
Oz_virus,6.0,1774.1666666666667,486.8974623972576
Pacific_coast_tick_nairovirus,3.0,6217.666666666667,4551.619296714326
Pacific_coast_tick_phlebovirus,2.0,3897.0,2656.0
Pacora_virus,3.0,4283.0,2293.7127108685604
Pacui_virus,3.0,4155.666666666667,2442.986742129851
Palo_verde_broom_virus,4.0,2993.25,2342.84884008764
Palyam_virus,10.0,1891.5,1000.6776953644965
Papaya_leaf_crumple_virus-Panipat_8_[India:Panipat:Papaya:2008],1.0,2736.0,0.0
Papaya_leaf_curl_China_virus,1.0,2751.0,0.0
Papaya_leaf_curl_Guandong_virus,1.0,2742.0,0.0
Papaya_yellow_leaf_curl_virus,1.0,2760.0,0.0
Parana_virus,2.0,5247.0,1841.0
Parietaria_mottle_virus,3.0,2902.6666666666665,510.4934432052537
Parry's_Creek_phasivirus_1,3.0,3730.0,2388.2629670955416
Parsley_severe_stunt_associated_virus,7.0,964.7142857142857,6.942915931555924
Passion_fruit_green_spot_virus,2.0,6773.0,1980.0
Passion_fruit_leaf_curl_virus,1.0,2752.0,0.0
Passionfruit_leaf_distortion_virus,2.0,2586.0,14.0
Passionfruit_severe_leaf_distortion_virus,2.0,2658.0,14.0
Patois_virus,3.0,4215.333333333333,2431.50602622234
Pavonia_mosaic_virus,2.0,2683.5,16.5
Pavonia_yellow_mosaic_virus,2.0,2689.0,11.0
Pea_early-browning_virus,2.0,5223.5,1849.5
Pea_leaf_distortion_virus,1.0,2738.0,0.0
Pea_necrotic_yellow_dwarf_virus,8.0,987.0,7.314369419163897
Pea_yellow_stunt_virus,8.0,978.125,9.854408911751126
Peach_leaf_pitting-associated_virus,2.0,5109.0,1248.0
Peach_rosette_mosaic_virus,2.0,6985.0,1029.0
Peanut_clump_virus,2.0,5200.5,696.5
Peanut_stunt_virus,3.0,2830.6666666666665,484.27976303877176
Pear_chlorotic_leaf_spot-associated_virus,5.0,2647.4,2244.0528157777394
Peaton_virus,3.0,4001.3333333333335,2451.150251525915
Pedilanthus_leaf_curl_virus,2.0,2761.5,2.5
Pelargonium_zonate_spot_virus,3.0,2825.6666666666665,404.5650613793644
Pena_Blanca_virus,3.0,4308.333333333333,1955.425330259947
Penaeus_vannamei_nodavirus,2.0,2147.0,964.0
Penicillium_aurantiogriseum_bipartite_virus_1,2.0,1956.0,154.0
Penicillium_aurantiogriseum_partitivirus_1,2.0,1669.0,93.0
Penicillium_brevicompactum_tetramycovirus_1,4.0,1948.75,461.4950568532669
Penicillium_chrysogenum_virus,4.0,3160.0,256.7216391346861
Penicillium_digitatum_polymycoviruses_1,4.0,2006.5,435.93892920912674
Penicillium_discovirus,3.0,3000.0,2469.787170317853
Penicillium_janczewskii_chrysovirus_1,4.0,3011.25,431.36375311330926
Penicillium_janczewskii_chrysovirus_2,4.0,2732.25,506.3819581106736
Penicillium_roseopurpureum_negative_ssRNA_virus_1,3.0,3134.6666666666665,2391.5323307220597
Penicillium_stoloniferum_virus_F,2.0,1588.5,88.5
Penicillium_stoloniferum_virus_S,2.0,1668.0,86.0
Penshurt_virus,3.0,4069.0,1910.1659613761312
Pepper_blistering_leaf_virus,2.0,2632.5,18.5
Pepper_chlorotic_spot_virus,3.0,5644.666666666667,2380.7845112250056
Pepper_cryptic_virus_1,2.0,1537.5,25.5
Pepper_cryptic_virus_2,2.0,1567.0,42.0
Pepper_golden_mosaic_virus,2.0,2604.0,9.0
Pepper_huasteco_yellow_vein_virus,2.0,2610.0,21.0
Pepper_leaf_curl_Bangladesh_virus,1.0,2753.0,0.0
Pepper_leaf_curl_Lahore_Virus-[Pakistan:Lahore1:2004],1.0,2747.0,0.0
Pepper_leaf_curl_Lahore_virus,2.0,2743.5,3.5
Pepper_leafroll_virus,2.0,2542.0,26.0
Pepper_mild_mosaic_virus,2.0,4837.0,1191.0
Pepper_ringspot_virus,2.0,4313.5,2514.5
Pepper_yellow_leaf_curl_Aceh_virus,2.0,2737.0,6.0
Pepper_yellow_leaf_curl_Indonesia_virus,2.0,2738.0,12.0
Pepper_yellow_leaf_curl_Thailand_virus,3.0,2738.6666666666665,4.714045207910317
Pepper_yellow_leaf_curl_virus_PSSWS-14,1.0,2748.0,0.0
Perilla_mosaic_virus,10.0,1817.4,1849.8456800500956
Peristrophe_mosaic_virus,1.0,2598.0,0.0
Perkerra_virus,3.0,4129.333333333333,1939.718421718873
Persea_americana_chrysovirus,3.0,3204.3333333333335,248.09854672869187
Persimmon_cryptic_virus,2.0,1534.0,43.0
Peruvian_horse_sickness_virus,10.0,1974.8,919.3601905673315
Petunia_chlorotic_mottle_virus,2.0,5702.0,1913.0
Phaseolus_vulgaris_severe_mosaic_virus,2.0,4865.5,1103.5
Phasivirus_baduense,3.0,4082.3333333333335,2189.234467926073
Phasivirus_phasiense,3.0,4033.0,2225.215944577065
Phasivirus_wutaiense,3.0,4024.0,2166.671794865726
Phytophthora_infestans_RNA_virus_1,2.0,3058.0,162.0
Pichinde_virus,2.0,5208.0,1789.0
Picobirnavirus_Equ3,2.0,2099.0,395.0
Picobirnavirus_sp,2.0,2148.5,427.5
Pidgey_virus,3.0,3924.6666666666665,2410.876097097392
Pilchard_orthomyxovirus,8.0,1746.875,535.3789399808327
Pineapple_secovirus_A,2.0,5144.5,983.5
Piscine_orthoreovirus,10.0,2331.7,1151.455865415605
Pistacia_emaravirus,8.0,2352.875,1783.5067589933603
Planaria_asexual_strain-specific_virus-like_element_type_1,2.0,3805.0,1894.0
Plasmopara_viticola_lesion_associated_mycobunyavirales-like_virus_4,3.0,2103.0,973.7107715675464
Plasmopara_viticola_lesion_associated_mycobunyavirales-like_virus_8,3.0,3109.0,2418.802320708881
Pleurotus_ostreatus_virus_1,2.0,2259.5,36.5
Poaceae_Liege_nepovirus_A,2.0,5780.5,1517.5
Porcine_picobirnavirus,2.0,2198.0,468.0
Potato_black_ringspot_virus,4.0,5710.75,1856.940410325544
Potato_mop-top_virus,3.0,4047.0,1413.0904665543062
Potato_virus_B,3.0,7068.0,2042.8413219500594
Potato_virus_U,2.0,5381.0,582.0
Potato_yellow_mosaic_Panama_virus,2.0,2563.0,21.0
Potato_yellow_mosaic_Trinidad_virus,2.0,2558.5,23.5
Potato_yellow_mosaic_virus,2.0,2570.0,23.0
Potato_yellow_vein_virus,3.0,5755.333333333333,1716.801742258617
Potosi_virus,3.0,4116.0,2437.567640087142
Pouzolzia_golden_mosaic_virus,2.0,2724.0,1.0
Pouzolzia_mosaic_Guangdong_virus,1.0,2739.0,0.0
Precarious_point_virus,3.0,3845.3333333333335,1951.6523483676308
Premna_leaf_curl_virus,1.0,2753.0,0.0
Privet_leaf_blotch-associated_virus,2.0,3862.5,1514.5
Privet_ringspot_virus,3.0,2806.0,522.07470729772
Prune_dwarf_virus,3.0,2698.6666666666665,513.7316636360098
Prunus_necrotic_ringspot_virus,3.0,2626.6666666666665,561.9076634307653
Prunus_virus_F,2.0,4893.5,1271.5
Pseudogymnoascus_destructans_partitivirus-pa,2.0,1603.0,79.0
Pseudomonas_phage_VCM,1.0,98765.0,0.0
Pseudomonas_phage_phi12,3.0,4391.0,1819.8023702222906
Pseudomonas_phage_phi13,3.0,4550.666666666667,1439.4203308585331
Pseudomonas_phage_phi2954,3.0,4228.333333333333,1660.9146743754043
Pseudomonas_phage_phi6,3.0,4461.666666666667,1426.7843409413897
Pseudomonas_phage_phi8,3.0,4994.666666666667,1585.608260433691
Pseudomonas_phage_phiNN,3.0,4420.666666666667,1514.5679985468537
Pulau_reovirus,10.0,2340.5,1079.5754952758052
Pumpkin_yellow_mosaic_Malaysia_virus,1.0,2724.0,0.0
Punique_virus,3.0,4135.333333333333,1816.4438395453415
Punta_Salinas_virus,3.0,5846.0,4453.016281129006
Pythium_nunn_virus_1,2.0,1591.0,116.0
Quaranjavirus_johnstonense,7.0,1706.7142857142858,711.6782407572588
Quaranjavirus_quaranfilense,6.0,1908.6666666666667,558.4393929116709
Quezon_virus,3.0,4052.6666666666665,1939.561691608585
ROUT_virus,2.0,5141.5,1790.5
Rabbit_picobirnavirus,1.0,2362.0,0.0
Radish_leaf_curl_virus,1.0,2756.0,0.0
Radish_mosaic_virus,2.0,5042.0,1022.0
Rainbow_trout_orthomyxovirus-1,8.0,1690.875,463.67106808059526
Ramie_mosaic_Yunnan_virus,1.0,2759.0,0.0
Ramie_mosaic_virus,2.0,2723.0,15.0
Ranunculus_white_mottle_virus,1.0,4018.0,0.0
Raphanus_sativas_chrysovirus_1,3.0,3484.6666666666665,140.2719580750986
Raphanus_sativus_cryptic_virus_1,2.0,1828.5,37.5
Raphanus_sativus_cryptic_virus_2,3.0,1574.3333333333333,101.94551921928148
Raphanus_sativus_cryptic_virus_3,2.0,1595.0,14.0
Raspberry_bushy_dwarf_virus,2.0,3840.0,1609.0
Raspberry_latent_virus,10.0,2612.8,1068.799401197437
Raspberry_ringspot_virus,2.0,5924.5,2010.5
Razdan_virus,3.0,3823.3333333333335,1843.5864202387936
Red_clover_cryptic_virus_1,2.0,1823.0,113.0
Red_clover_cryptic_virus_2,2.0,2391.5,38.5
Red_clover_mottle_virus,2.0,4788.0,1245.0
Red_clover_necrotic_mosaic_virus,2.0,2669.0,1221.0
Red_clover_nepovirus_A,2.0,6004.0,1322.0
Red_clover_varicosavirus,2.0,5173.0,1147.0
Redspotted_grouper_nervous_necrosis_virus,2.0,2269.5,835.5
Reptilian_orthoreovirus,17.0,2551.6470588235293,1084.0773220293875
Rhizoctonia_fumigata_mycovirus,2.0,2000.5,310.5
Rhizoctonia_solani_dsRNA_virus_1,2.0,2095.0,284.0
Rhizoctonia_solani_dsRNA_virus_2,2.0,1915.0,105.0
Rhizoctonia_solani_dsRNA_virus_3,2.0,1850.5,39.5
Rhizoctonia_solani_dsRNA_virus_4,2.0,1860.5,129.5
Rhizoctonia_solani_virus,1.0,2206.0,0.0
Rhizoctonia_solani_virus_717,1.0,2363.0,0.0
Rhynchosia_golden_mosaic_Havana_virus-[Cuba:Havana:28:2007],2.0,2575.5,33.5
Rhynchosia_golden_mosaic_Sinaloa_virus,2.0,2551.5,26.5
Rhynchosia_golden_mosaic_Yucatan_virus,2.0,2569.5,27.5
Rhynchosia_golden_mosaic_virus,4.0,2582.25,22.76373211931646
Rhynchosia_mild_mosaic_virus,2.0,2581.0,30.0
Rhynchosia_rugose_golden_mosaic_virus-[Cuba:Camaguey:171:2009],2.0,2593.0,38.0
Rhynchosia_yellow_mosaic_India_virus,2.0,2703.0,24.0
Rhynchosia_yellow_mosaic_virus,2.0,2689.5,50.5
Rice_black_streaked_dwarf_virus,10.0,2914.1,901.6815901414423
Rice_dwarf_virus,12.0,2069.9166666666665,1064.3483498001124
Rice_gall_dwarf_virus,12.0,2142.4166666666665,1088.1408041803331
Rice_necrosis_mosaic_virus,2.0,5378.5,1799.5
Rice_ragged_stunt_virus,10.0,2616.4,1051.417443264092
Rice_stripe_necrosis_virus,2.0,5645.5,988.5
Rift_Valley_fever_virus,3.0,3993.0,1925.9970578032217
Rio_Claro_virus,3.0,4692.333333333333,1328.258090717145
Rio_Grande_virus,3.0,4029.3333333333335,1977.795798919146
Rio_Preto_da_Eva_virus,3.0,4109.666666666667,2420.9053861910606
Rockport_virus,3.0,4011.6666666666665,1947.3456007829964
Rose_cryptic_virus_1,3.0,1560.0,134.58826100369973
Rosellinia_necatrix_megabirnavirus_2-W8,2.0,8472.0,513.0
Rosellinia_necatrix_partitivirus_1-W8,2.0,2289.0,10.0
Rosellinia_necatrix_partitivirus_2,2.0,1906.5,78.5
Rosellinia_necatrix_partitivirus_8,2.0,2409.5,35.5
Rosellinia_necatrix_quadrivirus_1,4.0,4269.5,455.4593834800201
Rotavirus_A,11.0,1687.4545454545455,855.3690711814896
Rotavirus_C,11.0,1628.1818181818182,828.9150431499785
Rotavirus_I,11.0,1635.3636363636363,938.9596053589673
Rotavirus_J,11.0,1648.6363636363637,953.4614710933547
Rotifer_birnavirus_strain_Palavas,2.0,3288.5,45.5
Rukutama_virus,3.0,3768.3333333333335,1997.6147999273758
SFTS_virus_HB29,3.0,3830.0,1914.6056164825868
Sabia_virus,2.0,5249.5,1883.5
Sabo_virus,3.0,4019.3333333333335,2442.8680320930607
Saesbyeol_virus,3.0,4815.666666666667,2135.593646324652
Saint-Floris_virus,3.0,4373.333333333333,1851.6526552125147
Salado_virus,4.0,3170.75,197.6731835631733
Salanga_virus,3.0,4240.0,1929.9514674381494
Salehabad_virus,3.0,4058.0,1882.5158697870252
Salmon_pescarenavirus_1,3.0,3449.6666666666665,2139.260048604553
Salobo_virus,3.0,4184.666666666667,1924.798921676986
Sambucus_virus_S,3.0,2765.0,408.26543653200264
San_Angelo_virus,3.0,4143.333333333333,2449.1898433745164
San_Juan_virus,3.0,4377.0,2366.557133615554
Sandfly_fever_Naples_virus,6.0,4158.333333333333,1856.735277008785
Sandfly_fever_Turkey_virus,3.0,4201.0,1915.1194914852354
Sango_virus,3.0,3993.3333333333335,2455.897030052812
Santeuil_nodavirus,2.0,3140.5,487.5
Sanxia_Qinvirus-like_virus_1,2.0,4119.0,2466.0
Sanxia_Water_Strider_Virus_1,3.0,6197.666666666667,4343.950378271936
Sanxia_Water_Strider_Virus_2,3.0,4330.666666666667,2256.2899242389535
Sanxia_water_strider_virus_10,2.0,2313.0,676.0
Sapphire_II_virus,3.0,6180.0,4414.497253368723
Sathuperi_orthobunyavirus,3.0,4011.3333333333335,2467.1498175470056
Satsuma_dwarf_virus,2.0,6069.0,725.0
Sauropus_leaf_curl_virus,1.0,2762.0,0.0
Scaphoideus_titanus_bunya-like_virus_1,3.0,4519.666666666667,2567.0686698169093
Schmallenberg_virus,3.0,4031.3333333333335,2478.8457439345075
Sclerophthora_macrospora_virus_A,3.0,1962.0,796.6057159389874
Sclerotinia_sclerotiorum_botybirnavirus_1,2.0,6211.0,246.0
Sclerotinia_sclerotiorum_megabirnavirus_1,2.0,8357.5,448.5
Sclerotinia_sclerotiorum_mycoreovirus_4,12.0,2074.9166666666665,1052.64701731186
Sclerotinia_sclerotiorum_partitivirus_S,2.0,1863.0,11.0
Sclerotium_hydrophilum_virus_1,2.0,2037.0,84.0
Scophthalmus_maximus_reovirus,11.0,2185.6363636363635,1141.0943927752605
Seattle_Prectang_virus,3.0,3240.0,2128.651685927033
Sedlec_virus,3.0,4177.333333333333,2425.3418086712827
Seewis_virus,1.0,1641.0,0.0
Senegalese_sole_Iberian_betanodavirus,2.0,2263.0,842.0
Serra_do_Navio_virus,3.0,4149.333333333333,2460.0461151955847
SetPatVet_virus_1,3.0,3120.3333333333335,634.5530360462832
Severe_fever_with_thrombocytopenia_syndrome_virus,3.0,3757.3333333333335,1890.94514874323
Shahe_heteroptera_virus_3,3.0,3692.0,2352.3309007592165
Shahe_qinvirus-like_virus_1,2.0,3903.5,2020.5
Shahe_yuevirus-like_virus_1,2.0,3884.0,2672.0
Shamonda_orthobunyavirus,3.0,4034.6666666666665,2431.397997494903
Shark_River_virus,3.0,4168.0,2395.383476606616
Shayang_Spider_Virus_1,3.0,6743.666666666667,4908.927264575112
Shokwe_virus,3.0,4076.0,2427.5099725164196
Shuangao_Insect_Virus_1,3.0,4436.333333333333,2496.295032420825
Shuangao_Insect_Virus_2,4.0,2565.25,1407.0164133726373
Shuangao_chryso-like_virus_1,4.0,3185.0,162.09719306638223
Shuangao_insect_virus_7,4.0,2601.5,405.7175741818439
Sida_Brazil_virus,1.0,2659.0,0.0
Sida_angular_mosaic_virus,2.0,2674.5,17.5
Sida_bright_yellow_mosaic_virus,2.0,2674.0,18.0
Sida_chlorotic_leaf_virus,2.0,2607.5,27.5
Sida_chlorotic_mottle_virus,1.0,2601.0,0.0
Sida_chlorotic_vein_virus,2.0,2572.5,81.5
Sida_ciliaris_golden_mosaic_virus,2.0,2622.5,15.5
Sida_common_mosaic_virus,1.0,2687.0,0.0
Sida_golden_mosaic_Buckup_virus-[Jamaica:St,2.0,2599.5,27.5
Sida_golden_mosaic_Costa_Rica_virus,2.0,2596.0,9.0
Sida_golden_mosaic_Florida_virus-Malvastrum,2.0,2593.0,15.0
Sida_golden_mosaic_Honduras_virus,2.0,2596.0,7.0
Sida_golden_mosaic_Lara_virus,1.0,2633.0,0.0
Sida_golden_mosaic_virus,2.0,2613.5,28.5
Sida_golden_mottle_virus,2.0,2592.0,19.0
Sida_golden_yellow_spot_virus,1.0,2813.0,0.0
Sida_golden_yellow_vein_virus-[Jamaica:Liguanea2:2008],2.0,2575.0,33.0
Sida_interveinal_bright_yellow_virus,2.0,2595.0,16.0
Sida_micrantha_mosaic_virus,4.0,2654.75,16.528384676065595
Sida_mosaic_Alagoas_virus,2.0,2646.0,32.0
Sida_mosaic_Bolivia_virus_1,2.0,2674.0,6.0
Sida_mosaic_Bolivia_virus_2,2.0,2658.0,21.0
Sida_mosaic_Sinaloa_virus,2.0,2591.0,14.0
Sida_mottle_Alagoas_virus,1.0,2649.0,0.0
Sida_yellow_blotch_virus,1.0,2664.0,0.0
Sida_yellow_golden_mosaic_virus,2.0,2625.0,36.0
Sida_yellow_leaf_curl_virus,1.0,2664.0,0.0
Sida_yellow_mosaic_Alagoas_virus,1.0,2690.0,0.0
Sida_yellow_mosaic_Yucatan_virus,2.0,2598.5,12.5
Sida_yellow_mottle_virus,2.0,2611.0,10.0
Sida_yellow_net_virus,1.0,2676.0,0.0
Sida_yellow_vein_Vietnam_virus,1.0,2753.0,0.0
Sida_yellow_vein_virus,2.0,2602.5,9.5
Sidastrum_golden_leaf_spot_virus,1.0,2666.0,0.0
Silverwater_virus,3.0,3784.3333333333335,1953.433956452642
Sinapis_alba_cryptic_virus_1,2.0,1560.0,24.0
Sinu_virus,6.0,1805.5,457.17711739179015
Snowshoe_hare_virus,3.0,4069.3333333333335,2458.964732474941
Soil-borne_cereal_mosaic_virus,2.0,5354.0,1671.0
Soil-borne_wheat_mosaic_virus,2.0,5346.0,1753.0
Solanum_mosaic_Bolivia_virus,2.0,2598.0,4.0
Solanum_violifolium_ringspot_virus,2.0,6140.0,2518.0
Soldado_virus,3.0,6090.0,4294.669486700926
Solenopsis_invicta_virus_14,3.0,4532.666666666667,3095.883754636505
Songling_virus,3.0,6072.333333333333,4310.247118463421
Sophora_japonica_powdery_mildew-associated_partitivirus,2.0,1936.5,18.5
Sophora_yellow_stunt_virus,8.0,986.625,6.4213997695206615
Sorghum_chlorotic_spot_virus,2.0,5148.0,1730.0
Sororoca_virus,3.0,4177.333333333333,2418.889047108656
Souris_virus,2.0,5323.0,1940.0
South_African_cassava_mosaic_virus,2.0,2780.0,20.0
South_Bay_virus,2.0,9714.0,4178.0
Southern_rice_black-streaked_dwarf_virus,10.0,2912.4,904.3288339978992
Soybean_blistering_mosaic_virus,1.0,2605.0,0.0
Soybean_chlorotic_blotch_virus,2.0,2677.5,30.5
Soybean_chlorotic_spot_virus,2.0,2604.0,19.0
Soybean_latent_spherical_virus,2.0,6973.0,1197.0
Soybean_vein_necrosis_virus,3.0,5522.666666666667,2646.2673502291655
Spilanthes_yellow_vein_virus,1.0,2761.0,0.0
Spinach_cryptic_virus_1,2.0,1864.0,102.0
Spissistilus_festinus_reovirus,10.0,2513.9,1041.3471515301705
Spring_beauty_latent_virus,3.0,2787.6666666666665,431.28515959732357
Squash_chlorotic_leaf_spot_virus,2.0,5887.5,1157.5
Squash_leaf_curl_China_virus,2.0,2727.5,8.5
Squash_leaf_curl_China_virus_-_[B],1.0,2736.0,0.0
Squash_leaf_curl_Philippines_virus,2.0,2722.0,17.0
Squash_leaf_curl_virus,2.0,2620.5,13.5
Squash_mild_leaf_curl_virus,2.0,2595.0,17.0
Squash_mosaic_virus,2.0,4609.5,1255.5
Squash_yellow_mild_mottle_virus,2.0,2662.5,0.5
Sri_Lankan_cassava_mosaic_virus-[Colombo],2.0,2733.0,22.0
St_Croix_River_virus,10.0,1844.5,938.5539142745077
Stemphylium_lycopersici_mycovirus,4.0,2587.75,776.1805121877255
Stenotaphrum_nepovirus,2.0,7479.0,359.0
Stocky_prune_virus,2.0,2219.0,425.0
Strawberry_latent_ringspot_virus,2.0,5669.0,1827.0
Strawberry_necrotic_shock_virus,3.0,2850.0,483.71548111122786
Strawberry_pallidosis-associated_virus,2.0,8022.0,44.0
Stretch_Lagoon_orbivirus,2.0,3362.5,570.5
Striped_jack_nervous_necrosis_virus,4.0,2263.5,842.5002967358528
Subterranean_clover_stunt_virus,14.0,998.1428571428571,6.322941707523065
Sulina_virus,3.0,5809.0,4381.038461369633
Sunn_hemp_leaf_distortion_virus,1.0,2774.0,0.0
Sweet_clover_necrotic_mosaic_virus,2.0,2662.5,1213.5
Sweet_potato_chlorotic_stunt_virus,2.0,8815.0,592.0
Sweet_potato_leaf_curl_Bengal_virus,1.0,2823.0,0.0
Sweet_potato_leaf_curl_China_virus,1.0,2771.0,0.0
Sweet_potato_leaf_curl_virus,2.0,2827.0,1.0
Synedrella_yellow_vein_clearing_virus,1.0,2751.0,0.0
Tacheng_Tick_Virus_1,3.0,6390.333333333333,4313.466690365058
Tacheng_Tick_Virus_2,2.0,4422.0,2237.0
Taggert_virus,3.0,6019.0,4297.34266727707
Tahyna_virus,3.0,4148.666666666667,2461.6891671280428
Tai_Forest_reovirus,10.0,2493.8,1094.1892706474507
Tai_virus,3.0,3909.3333333333335,2631.3313909291032
Tanga_virus,3.0,4101.666666666667,2439.6112167492774
Tapara_virus,3.0,4150.0,1867.0256202491348
Tapirape_virus,3.0,4078.0,2418.6212325758383
Tarumizu_tick_virus,12.0,2396.8333333333335,1082.5178854052353
Tasmanian_aquabirnavirus,2.0,2773.5,168.5
Tataguine_virus,3.0,4017.3333333333335,2465.982607850717
Tavallinen_suomalainen_mies_virus,2.0,5158.5,1758.5
Tea_plant_line_pattern_virus,3.0,2652.0,537.8481818010233
Tea_plant_necrotic_ring_blotch_virus,4.0,3771.0,1434.5325022459408
Tehran_virus,3.0,3988.6666666666665,2063.4492697638316
Telfairia_golden_mosaic_virus,1.0,2742.0,0.0
Tellina_virus_1,2.0,3198.0,381.0
Tellina_virus_2,1.0,2904.0,0.0
Telok_Forest_virus,3.0,4250.0,2453.923525024092
Tensaw_virus,3.0,4090.0,2430.6200854925887
Tenuivirus_oryzabrevis,6.0,4190.333333333333,2536.2177000845613
Tenuivirus_oryzaclavatae,4.0,4286.25,2749.727475132763
Tenuivirus_oryzalbae,4.0,4229.0,2820.728717902521
Tenuivirus_persotritici,3.0,2545.6666666666665,684.7955088118562
Termeil_virus,3.0,4100.333333333333,2424.506731046315
Tetterwort_vein_chlorosis_virus,2.0,8290.0,177.0
Thailand_tick_thogotovirus,6.0,1731.3333333333333,484.2993794017177
Thogotovirus_dhoriense,6.0,1769.3333333333333,479.51074602719336
Thogotovirus_thogotoense,6.0,1743.5,484.48761594079986
Thottopalayam_virus,3.0,3910.6666666666665,2072.209824210752
Tico_phlebovirus,3.0,4255.666666666667,1962.3686934133682
Tiger_puffer_nervous_necrosis_virus,2.0,2267.0,845.0
Tigray_virus,1.0,6532.0,0.0
Tilapia_lake_virus,10.0,1032.3,386.27375007887866
Timboteua_virus,3.0,4335.666666666667,2395.380183232345
Tjuloc_virus,7.0,1706.5714285714287,711.2923564375836
Tobacco_leaf_curl_Cuba_virus,2.0,2588.0,21.0
Tobacco_leaf_curl_Dominican_Republic_virus,2.0,2611.5,26.5
Tobacco_leaf_curl_Pusa_virus,1.0,2707.0,0.0
Tobacco_leaf_rugose_virus,1.0,2622.0,0.0
Tobacco_rattle_virus,2.0,5323.0,1468.0
Tobacco_ringspot_virus,2.0,5721.5,1792.5
Tobacco_streak_virus,3.0,2874.0,526.293327590866
Tobacco_yellow_crinkle_virus,2.0,2577.0,24.0
Tofla_virus,3.0,6155.666666666667,4398.976345570511
Tomato_aspermy_virus,3.0,2956.6666666666665,426.19974451215035
Tomato_black_ring_virus,2.0,5995.5,1362.5
Tomato_bright_yellow_mosaic_virus,1.0,2619.0,0.0
Tomato_bright_yellow_mottle_virus,1.0,2639.0,0.0
Tomato_chino_La_Paz_virus,1.0,2606.0,0.0
Tomato_chlorosis_virus,2.0,8421.0,174.0
Tomato_chlorotic_leaf_curl_virus,2.0,2573.5,38.5
Tomato_chlorotic_leaf_distortion_virus-[Venezuela:Zulia:2004],2.0,2615.0,10.0
Tomato_chlorotic_mottle_Guyane_virus,2.0,2617.0,14.0
Tomato_chlorotic_mottle_virus,2.0,2597.5,24.5
Tomato_chlorotic_spot_virus,4.0,6474.75,2456.5286864801724
Tomato_chocolate_spot_virus,2.0,6300.5,1191.5
Tomato_common_mosaic_virus,2.0,2529.0,31.0
Tomato_dwarf_leaf_virus,2.0,2517.0,23.0
Tomato_enation_leaf_curl_virus,1.0,2756.0,0.0
Tomato_fruit_blotch_virus,4.0,3568.0,1427.5830974062421
Tomato_golden_leaf_distortion_virus,1.0,2630.0,0.0
Tomato_golden_leaf_spot_virus,1.0,2669.0,0.0
Tomato_golden_mosaic_virus,2.0,2548.0,40.0
Tomato_golden_mottle_virus,2.0,2586.0,28.0
Tomato_golden_vein_virus,2.0,2547.5,16.5
Tomato_infectious_chlorosis_virus,2.0,8092.0,179.0
Tomato_interveinal_chlorosis_virus,1.0,2617.0,0.0
Tomato_leaf_curl_Arusha_virus,2.0,2764.0,2.0
Tomato_leaf_curl_Cebu_virus,1.0,2723.0,0.0
Tomato_leaf_curl_China_virus_-_OX2,1.0,2744.0,0.0
Tomato_leaf_curl_Cotabato_virus,1.0,2750.0,0.0
Tomato_leaf_curl_Gandhinagar_virus,1.0,2760.0,0.0
Tomato_leaf_curl_Ghana_virus,1.0,2803.0,0.0
Tomato_leaf_curl_Guangdong_virus,1.0,2744.0,0.0
Tomato_leaf_curl_Gujarat_virus,2.0,2722.5,34.5
Tomato_leaf_curl_Joydebpur_virus,2.0,2779.5,18.5
Tomato_leaf_curl_Karnataka_betasatellite,1.0,1358.0,0.0
Tomato_leaf_curl_Karnataka_virus_2,1.0,2772.0,0.0
Tomato_leaf_curl_Karnataka_virus_3,1.0,2757.0,0.0
Tomato_leaf_curl_Kerala_virus,1.0,2767.0,0.0
Tomato_leaf_curl_Kumasi_virus,1.0,2794.0,0.0
Tomato_leaf_curl_Mindanao_virus,1.0,2761.0,0.0
Tomato_leaf_curl_New_Delhi_virus,2.0,2717.5,21.5
Tomato_leaf_curl_New_Delhi_virus_4,1.0,2739.0,0.0
Tomato_leaf_curl_New_Delhi_virus_5,1.0,2738.0,0.0
Tomato_leaf_curl_Palampur_virus,2.0,2740.5,15.5
Tomato_leaf_curl_Patna_virus,1.0,2752.0,0.0
Tomato_leaf_curl_Rajasthan_virus_-_[India:Rajasthan:2005],1.0,2758.0,0.0
Tomato_leaf_curl_Ranchi_virus,1.0,2762.0,0.0
Tomato_leaf_curl_Sinaloa_virus,2.0,2586.5,24.5
Tomato_leaf_curl_Sulawesi_virus,1.0,2751.0,0.0
Tomato_leaf_curl_Uganda_virus_-_[Iganga],1.0,2747.0,0.0
Tomato_leaf_curl_Vietnam_virus,1.0,2745.0,0.0
Tomato_leaf_curl_virus-Pune-associated_DNA_beta,1.0,1380.0,0.0
Tomato_leaf_deformation_virus,1.0,2591.0,0.0
Tomato_leaf_distortion_virus,1.0,2645.0,0.0
Tomato_marchitez_virus,2.0,6067.5,1161.5
Tomato_mild_mosaic_virus,2.0,2685.5,22.5
Tomato_mild_yellow_leaf_curl_Aragua_virus,2.0,2584.0,25.0
Tomato_mosaic_Havana_virus,2.0,2603.0,17.0
Tomato_mosaic_Trujillo_virus,2.0,2610.5,26.5
Tomato_mosaic_leaf_curl_virus,2.0,2542.5,17.5
Tomato_mosaic_severe_dwarf_virus,2.0,2615.0,10.0
Tomato_mottle_Taino_virus,2.0,2579.5,17.5
Tomato_mottle_leaf_curl_virus,2.0,2631.0,1.0
Tomato_mottle_virus,2.0,2572.5,28.5
Tomato_mottle_wrinkle_virus,2.0,2562.0,2.0
Tomato_necrotic_dwarf_virus,2.0,6074.0,1170.0
Tomato_necrotic_streak_virus,3.0,2873.6666666666665,484.95383514539014
Tomato_ringspot_virus,2.0,7742.5,471.5
Tomato_rugose_mosaic_virus,2.0,2597.0,25.0
Tomato_rugose_yellow_leaf_curl_virus,2.0,2652.5,32.5
Tomato_severe_leaf_curl_Kalakada_virus,1.0,2755.0,0.0
Tomato_severe_rugose_virus,2.0,2582.0,11.0
Tomato_torrado_virus,2.0,6605.5,1202.5
Tomato_twisted_leaf_virus,1.0,2597.0,0.0
Tomato_vein_clearing_leaf_deformation_virus,2.0,2678.5,19.5
Tomato_yellow_leaf_curl_Guangdong_virus,1.0,2744.0,0.0
Tomato_yellow_leaf_curl_Kanchanaburi_virus,2.0,2752.0,0.0
Tomato_yellow_leaf_curl_Thailand_virus,2.0,2744.0,7.0
Tomato_yellow_leaf_curl_Vietnam_virus,1.0,2745.0,0.0
Tomato_yellow_leaf_curl_Yunnan_virus,1.0,2754.0,0.0
Tomato_yellow_leaf_deformation_dwarf_virus,2.0,2634.0,25.0
Tomato_yellow_leaf_distortion_virus,2.0,2609.5,20.5
Tomato_yellow_margin_leaf_curl_virus,2.0,2559.0,16.0
Tomato_yellow_mottle_virus,2.0,2560.5,13.5
Tomato_yellow_ring_virus,3.0,5574.666666666667,2438.9834403337436
Tomato_yellow_spot_virus,2.0,2650.0,24.0
Tomato_yellow_vein_streak_virus,2.0,2565.0,4.0
Tomato_zonate_spot_virus,3.0,5714.333333333333,2365.91142879206
Toros_virus,3.0,4161.333333333333,1944.3019884324099
Toyo_virus,3.0,3735.3333333333335,1886.8991022898447
Tres_Almendras_virus,3.0,4086.6666666666665,1887.9338500652566
Trichoderma_harzianum_bipartite_mycovirus_1,2.0,1861.0,227.0
Trichoplusia_ni_cypovirus_15,11.0,2283.6363636363635,1368.7957728487459
Triumfetta_yellow_mosaic_virus,2.0,2638.5,17.5
Trivittatus_virus,3.0,4145.333333333333,2457.2323636337055
Tulare_apple_mosaic_virus,3.0,2877.3333333333335,504.35327125163195
Tunis_virus,3.0,6325.666666666667,4393.506294015699
Turnip_ringspot_virus,4.0,5033.0,1050.0011904755156
Turtle_fraservirus_1,2.0,6152.5,494.5
Turuna_virus,3.0,4217.333333333333,1874.4468221021605
Umatilla_virus,10.0,1940.2,879.9891817516849
Umbre_virus,6.0,4117.0,2512.1035010524547
Universidad_Nacional_virus_1,2.0,4657.5,1279.5
University_of_Giessen_virus,2.0,5110.0,1677.0
University_of_Helsinki_virus,2.0,5167.0,1768.0
Upolu_virus,6.0,1794.0,474.6240617583563
Uriurana_virus,6.0,4143.666666666667,1871.1265471783452
Urucuri_virus,3.0,4298.666666666667,1901.200556373671
Ustilaginoidea_virens_partitivirus_2,2.0,1532.0,180.0
Utinga_virus,3.0,4084.3333333333335,2450.032970299697
Uukuniemi_virus,3.0,3790.6666666666665,1960.6383880993683
Varicosavirus_lactucae,2.0,6439.0,358.0
Velvet_bean_severe_mosaic_virus,2.0,2695.0,38.0
Verbena_mottle_virus,2.0,2606.0,20.0
Vernonia_yellow_vein_Fujian_virus,1.0,2739.0,0.0
Vernonia_yellow_vein_virus,1.0,2745.0,0.0
Verticillium_dahliae_chrysovirus_1,4.0,3205.5,267.7671563130923
Verticillium_dahliae_partitivirus_1,2.0,1670.5,96.5
Veterinary_Pathology_Zurich_virus_1,2.0,4685.5,1252.5
Vicia_cryptic_virus,2.0,1895.5,116.5
Victorian_trout_aquabirnavirus,2.0,2791.5,180.5
Vigna_yellow_mosaic_virus,1.0,2602.0,0.0
Vinegar_Hill_virus,3.0,6111.666666666667,4402.629921106499
Viola_virus,2.0,5432.0,1029.0
Vitis_emaravirus,5.0,2661.4,2216.8320279173163
Vitis_varicosavirus,2.0,5992.5,457.5
Wad_Medani_virus,10.0,1800.9,902.7408764424041
Wallal_virus,10.0,1918.0,960.915500967697
Warrego_virus,10.0,1942.8,964.8695041299626
Watermelon_bud_necrosis_virus,3.0,5703.666666666667,2341.570175947945
Watermelon_chlorotic_stunt_virus,2.0,2749.0,4.0
Watermelon_crinkle_leaf-associated_virus_1,2.0,4676.5,1959.5
Watermelon_crinkle_leaf-associated_virus_2,2.0,4692.5,1988.5
Wellfleet_Bay_virus,7.0,1708.2857142857142,713.6401082349792
Wenling_crustacean_virus_13,2.0,5414.5,1331.5
Wenling_crustacean_virus_14,2.0,5657.0,1042.0
Wenling_crustacean_virus_9,3.0,3585.6666666666665,2415.93009464724
Wenling_frogfish_arenavirus_1,3.0,3961.6666666666665,1882.8440072283088
Wenling_frogfish_arenavirus_2,3.0,3664.0,1964.5011241194713
Wenling_hagfish_virus,1.0,6761.0,0.0
Wenling_minipizza_batfish_hantavirus,1.0,5301.0,0.0
Wenling_red_spikefish_hantavirus,1.0,6305.0,0.0
Wenling_yellow_goosefish_hantavirus,1.0,6403.0,0.0
Wenzhou_Shrimp_Virus_1,3.0,3383.6666666666665,2218.2891806274692
Wenzhou_Tick_Virus,3.0,6097.0,4360.748636033344
Wenzhou_crab_virus_2,2.0,5828.5,1130.5
Wenzhou_qinvirus-like_virus_1,2.0,3906.0,2103.0
Wenzhou_qinvirus-like_virus_2,2.0,4026.0,2160.0
Wenzhou_shrimp_virus_9,2.0,2304.5,380.5
Wenzhou_tapeworm_virus_1,2.0,5349.0,641.0
West_African_Asystasia_virus_1,4.0,2694.25,33.25187964611926
West_African_Asystasia_virus_2,1.0,2744.0,0.0
Wheat_spindle_streak_mosaic_virus,2.0,5809.5,1747.5
Wheat_stripe_mosaic_virus,2.0,5744.5,852.5
Wheat_yellow_mosaic_virus,2.0,5647.5,1988.5
White_clover_cryptic_virus_1,2.0,1831.5,123.5
White_clover_cryptic_virus_2,2.0,2391.5,43.5
Whitefly-associated_begomovirus_2,1.0,2590.0,0.0
Whitefly-associated_begomovirus_3,1.0,2629.0,0.0
Whitefly-associated_begomovirus_4,1.0,2608.0,0.0
Whitefly-associated_begomovirus_6,1.0,2638.0,0.0
Wissadula_golden_mosaic_virus,2.0,2600.0,22.0
Wissadula_yellow_mosaic_virus,1.0,2621.0,0.0
Witwatersrand_virus,3.0,4083.6666666666665,2503.577751050595
Wolkberg_virus,3.0,4104.0,2419.8268533099636
Wound_tumor_virus,9.0,1601.0,590.7940043327756
Wuchan_romanomermis_nematode_virus_3,2.0,2133.5,511.5
Wuchang_Cockroach_Virus_1,3.0,3645.6666666666665,2041.5478332763983
Wuchang_Cockroach_Virus_3,2.0,5970.0,1182.0
Wuhan_Fly_Virus_1,3.0,4116.333333333333,2324.206865912661
Wuhan_Insect_virus_2,3.0,5152.666666666667,2459.42762085454
Wuhan_Louse_Fly_Virus_7,2.0,4575.5,2232.5
Wuhan_Millipede_Virus_2,3.0,6819.0,3928.882538330715
Wuhan_Millipede_virus_4,4.0,1626.25,116.26344008328671
Wuhan_Mosquito_Virus_2,3.0,3618.3333333333335,2090.698501033141
Wuhan_aphid_virus_1,4.0,2748.0,360.6930828280465
Wuhan_aphid_virus_2,4.0,2722.5,332.0274838021696
Wuhan_arthropod_virus_4,2.0,2252.0,660.0
Wuhan_cricket_virus,4.0,2621.25,474.75487095974063
Wuhan_cricket_virus_2,6.0,1517.5,109.08215558315057
Wuhan_flea_virus,4.0,2741.75,337.56360511761335
Wuhan_fly_virus_5,2.0,1685.0,13.0
Wuhan_heteroptera_virus_2,2.0,2491.0,826.0
Wuhan_heteroptera_virus_3,10.0,2956.6,906.3285496992798
Wuhan_horsefly_Virus,4.0,3985.0,3239.4614521552808
Wuhan_house_centipede_virus_4,2.0,2210.0,654.0
Wuhan_house_centipede_virus_5,2.0,2237.0,478.0
Wuhan_house_centipede_virus_6,2.0,2373.0,767.0
Wuhan_insect_virus_15,2.0,3745.0,2144.0
Wuhan_insect_virus_21,2.0,2990.5,744.5
Wuhan_insect_virus_22,2.0,1817.5,51.5
Wuhan_insect_virus_23,2.0,1429.0,48.0
Wuhan_insect_virus_35,2.0,2194.0,27.0
Wuhan_large_pig_roundworm_virus_1,2.0,1419.0,141.0
Wuhan_louse_fly_virus_6,2.0,4534.0,2243.0
Wuhan_mosquito_virus_1,3.0,3600.6666666666665,2032.214282227366
Wuhan_pillworm_virus_1,3.0,6947.666666666667,3035.734434293546
Wuhan_pillworm_virus_3,2.0,2158.5,634.5
Xapuri_virus,2.0,5227.0,1822.0
Xingshan_nematode_virus_5,2.0,2142.0,696.0
Xinjiang_varicosa-like_virus,2.0,6289.0,440.0
Xinzhou_Spider_Virus,3.0,5894.333333333333,4585.619139100944
Xinzhou_nematode_virus_3,2.0,3830.5,2100.5
Xinzhou_partiti-like_virus_1,2.0,1372.5,150.5
Xuan_son_virus,3.0,3949.3333333333335,1968.1396179020317
Yaba-7_virus,3.0,4006.0,2464.80438709985
Yakeshi_virus,2.0,2658.0,972.0
Yellowtail_ascites_virus,2.0,2855.5,120.5
Yezo_virus,3.0,6042.333333333333,4440.354440307165
Yichang_Insect_virus,3.0,3576.3333333333335,2210.9533891262586
Yogue_virus,3.0,6078.666666666667,4368.938874473857
Yongjia_Tick_Virus_1,2.0,4178.5,2348.5
Yongsan_bunyavirus_1,2.0,4162.0,2302.0
Yunnan_Paris_negative-stranded_virus,2.0,4740.0,1876.0
Yunnan_orbivirus,10.0,1981.6,920.7736095262505
Zaliv_Terpeniya_virus,3.0,3790.6666666666665,1959.8388255727107
Zea_mays_chrysovirus_1,3.0,3768.6666666666665,348.0194758279421
Zegla_virus,3.0,4230.0,2403.318677717682
Zerdali_virus,3.0,4170.666666666667,1835.6180309518525
Zirqa_virus,6.0,6179.333333333333,4372.5007972809135
Zostera-associated_varicosavirus_1,2.0,5468.0,1164.0
Zucchini_lethal_chlorosis_virus,3.0,5756.333333333333,2278.5434431281365
Zwiesel_bat_bandavirus,3.0,3834.6666666666665,1852.3794307742558
abaca_bunchy_top_virus,6.0,1070.3333333333333,28.104961997641784
andere_Heimat_virus_1,2.0,4779.5,1181.5
big_electron-dense_squares_virus_1,2.0,4627.0,1277.0
dermapteran_chu-related_virus_142,2.0,5322.5,3140.5
hymenopteran_phasma-related_virus_OKIAV227,3.0,3570.0,1963.391114033744
hymenopteran_phasma-related_virus_OKIAV228,3.0,3578.0,1972.2215899842492
hymenopteran_phasma-related_virus_OKIAV250,3.0,4106.0,2087.5930318590995
hymenopteran_phasma-related_virus_OKIAV252,3.0,4138.333333333333,2030.0348656009717
line2,3.0,3906.0,1946.5591865305987
morning_glory_varicosavirus,2.0,5848.5,560.5
ncbi_dataset,3.0,3906.0,1946.5591865305987
pineapple_secovirus_B,2.0,4882.0,1074.0
red_goblin_roach_virus_1,3.0,7032.0,4166.560771987692
surrounding_non-legume_associated_virus,2.0,6033.0,742.0
